,1.1.01.1.1.01.P,1.1.01.1.1.02.X,1.1.01.1.1.03.0,1.1.01.1.1.05.0,1.1.01.1.1.06.0,1.1.01.1.1.07.P,1.1.01.1.1.08.X,1.1.01.1.1.09.0,1.1.01.1.1.10.0,1.1.01.1.1.11.X,1.1.01.1.1.12.0,1.1.01.1.1.13.X,1.1.01.1.1.15.0,1.1.01.1.1.16.0,1.1.01.2.1.01.X,1.1.01.2.1.02.X,1.1.01.2.1.03.X,1.1.01.2.1.05.X,1.1.01.2.1.06.X,1.1.01.3.2.01.0,1.1.02.1.1.01.0,1.1.02.1.1.02.X,1.1.02.1.1.03.0,1.1.02.1.1.04.0,1.1.02.1.1.05.0,1.1.02.2.1.01.X,1.1.03.1.1.01.0,1.1.04.1.1.01.X,1.1.04.2.1.01.0,1.1.04.2.1.02.X,1.1.04.2.1.03.0,1.1.04.2.1.04.0,1.1.05.1.1.01.0,1.1.05.1.1.02.0,1.1.05.1.1.03.0,1.1.05.1.1.04.0,1.1.05.2.1.01.0,1.1.05.2.1.02.0,1.1.05.2.1.03.0,1.1.06.1.1.01.0,1.1.06.1.1.02.0,1.1.06.1.1.03.0,1.1.06.1.1.04.0,1.1.06.1.1.05.0,1.1.06.1.1.06.0,1.1.06.1.1.07.0,1.1.06.1.1.08.0,1.1.06.1.1.09.X,1.1.06.1.1.10.0,1.1.06.1.1.11.0,1.1.06.1.1.12.0,1.1.06.1.1.13.X,1.1.06.1.1.14.0,1.1.06.1.1.15.0,1.1.06.1.1.16.0,1.1.06.1.1.17.0,1.1.06.1.1.18.0,1.1.06.2.1.01.0,1.1.06.2.1.02.0,1.1.06.2.1.03.0,1.1.06.2.1.04.0,1.1.06.2.1.05.0,1.1.06.2.1.06.0,1.1.06.2.1.07.X,1.1.06.2.1.08.0,1.1.07.1.1.01.0,1.1.07.1.1.02.0,1.1.07.1.1.03.0,1.1.07.1.1.04.0,1.1.07.1.1.05.0,1.1.07.1.1.06.0,1.1.07.2.1.01.X,1.1.07.3.1.01.0,1.1.07.3.1.02.0,1.1.07.3.1.03.0,1.1.07.3.1.04.0,1.1.07.3.1.05.0,1.1.07.3.1.06.0,1.1.07.3.1.07.X,1.1.07.3.1.08.X,1.1.07.3.1.09.0,1.1.07.3.1.10.X,1.1.07.3.1.11.0,1.1.07.3.1.12.X,1.1.07.4.1.01.0,1.1.07.4.1.02.0,1.1.08.1.1.01.0,1.1.08.1.1.02.0,1.1.08.1.1.03.0,1.1.08.1.1.04.0,1.1.08.1.1.05.0,1.1.08.1.1.06.0,1.1.08.1.1.07.0,1.1.08.1.1.08.0,1.1.08.1.1.09.X,1.1.08.2.1.01.0,1.1.08.2.1.02.0,1.1.08.2.1.03.0,1.1.09.1.1.01.P,1.1.09.1.1.02.0,1.1.09.1.1.03.0,1.1.09.2.1.01.0,1.1.09.2.1.02.0,1.1.09.2.1.03.X,1.1.09.3.1.01.0,1.1.10.1.1.01.0,1.1.10.1.1.02.0,1.1.10.1.1.03.0,1.1.10.1.1.04.0,1.1.10.1.1.05.0,1.1.10.1.1.06.0,1.1.10.1.1.07.0,1.1.10.1.1.08.0,1.1.10.1.1.09.0,1.1.12.1.1.01.0,1.1.12.1.1.02.0,1.1.12.2.1.01.0,1.1.12.3.1.01.X,1.1.12.3.1.03.X,1.1.12.3.1.04.0,1.1.12.3.1.05.0,1.2.11.1.1.01.0,1.2.11.1.1.02.0,1.2.11.2.1.01.0,1.2.11.2.1.02.X,1.2.11.2.1.03.X,1.2.11.2.1.04.X,2.1.01.1.1.01.0,2.1.01.1.1.02.0,2.1.01.1.1.03.0,2.1.01.1.1.04.0,2.1.01.1.1.05.0,2.1.01.2.1.01.0,2.1.01.2.1.02.0,2.1.01.2.1.03.X,2.1.01.3.1.01.0,2.1.01.3.1.02.X,2.1.01.3.1.03.0,2.1.01.3.1.04.0,2.1.01.3.1.05.0,2.1.01.3.1.06.0,2.1.01.3.1.07.0,2.1.01.3.1.08.0,3.1.01.1.1.01.0,3.1.01.1.1.02.0,3.1.01.1.1.03.X,3.1.01.1.1.04.0,3.1.01.1.1.05.0,3.1.01.1.1.06.X,3.1.01.1.1.07.X,3.1.01.1.1.08.X,3.1.01.1.1.09.0,3.1.01.1.1.10.0,3.1.01.1.1.13.0,3.1.01.1.1.14.0,3.1.01.2.1.01.X,3.1.01.2.1.02.0,3.1.01.3.1.03.X,3.1.01.3.1.04.X,3.1.01.3.1.06.0,3.1.01.3.1.07.0,3.1.01.3.1.08.X,3.1.01.3.1.09.X,3.1.01.4.2.01.X,3.1.01.4.2.02.X,3.1.02.1.1.01.X,3.1.02.1.1.02.X,3.1.02.1.1.03.0,3.1.02.1.1.04.X,3.1.02.1.1.05.0,4.1.01.1.2.01.X,4.1.01.2.2.01.X,4.1.01.2.2.02.X,4.1.01.2.2.03.0,5.1.01.1.1.01.0,5.1.01.2.1.01.X,5.1.01.3.1.01.P,5.1.01.3.1.02.0,5.1.01.3.1.04.0,5.1.01.3.1.05.0,5.1.01.4.1.01.0,5.1.01.4.1.02.0,5.1.01.4.1.03.0,5.1.01.4.1.04.0,5.1.01.4.1.05.0,6.1.01.1.1.01.0,6.1.01.1.1.02.0,6.1.01.1.1.03.X,6.1.01.1.1.06.0,6.1.01.1.1.07.0,6.1.01.1.1.09.X,6.1.01.2.1.01.0,6.1.01.2.1.02.0,6.1.01.2.1.03.X,6.1.01.2.1.04.X,6.1.01.2.1.05.0,6.1.01.2.1.06.X,6.1.01.3.1.01.X,6.1.01.3.1.02.0,6.1.01.3.1.03.0,6.1.01.3.1.04.0,6.1.01.3.1.05.X,6.1.01.3.1.06.0,6.1.01.3.1.07.0,6.1.01.3.1.08.0,6.1.01.3.1.09.X,6.1.01.3.1.10.0,6.1.01.3.1.12.0,6.1.01.4.1.01.X,6.1.01.4.1.02.0,6.1.01.4.1.03.0,6.1.01.4.1.05.0,6.1.01.4.1.06.0,6.1.01.4.1.07.0,6.1.01.5.1.01.X,6.1.01.5.1.02.0,6.1.01.5.1.03.0,6.1.01.5.1.04.0,6.1.01.5.1.05.0,6.1.01.6.1.01.X,6.1.01.6.1.02.0,6.1.01.6.1.03.0,6.1.01.6.1.04.0,6.1.01.6.1.05.X,6.1.01.6.1.06.0,6.1.01.6.1.07.0,6.1.01.6.1.08.0,6.1.01.6.1.09.0,6.1.01.6.1.10.0,6.1.01.7.2.01.X,6.1.01.7.2.03.0,6.1.01.7.2.05.0,6.1.01.7.2.07.X,6.1.02.1.2.05.X,6.1.02.2.1.01.X,6.1.02.2.1.03.X,6.1.02.2.1.04.0,6.1.02.2.2.06.0,6.1.02.2.2.07.0,6.1.02.2.2.08.X,6.1.03.1.1.01.0,6.1.03.1.1.02.X,6.1.03.1.1.03.0,6.1.03.1.1.05.X,6.1.03.2.1.01.0,6.1.03.2.1.02.0,6.1.03.2.1.03.X,6.1.03.2.2.04.0,6.1.03.3.2.01.X,6.1.03.3.2.02.0,6.1.03.3.2.03.X,6.1.03.3.2.04.0,6.1.03.3.2.05.0,6.1.03.3.2.06.0,6.1.03.3.2.07.0,6.1.03.3.2.08.0,6.1.03.3.2.09.0,6.1.03.4.1.01.0,6.1.03.5.2.01.0,6.1.03.5.2.02.X,6.1.03.5.2.03.0,6.1.04.1.1.01.X,6.1.04.1.1.02.0,6.1.04.1.1.03.0,6.1.04.1.1.05.X,6.1.04.1.1.06.X,6.1.04.1.1.07.0,6.1.04.1.1.11.0,6.1.04.1.1.12.X,6.1.04.1.1.14.X,6.1.04.1.2.04.0,6.1.04.1.2.08.0,6.1.04.2.2.01.0,6.1.04.2.2.02.0,6.1.04.2.2.04.0,6.1.04.2.2.05.0,6.1.04.2.2.06.0,6.1.04.2.2.07.0,6.1.05.1.1.02.X,6.1.05.1.1.04.X,6.1.05.2.2.01.X,6.1.05.2.2.02.X,6.1.05.2.2.03.0,6.1.06.1.1.01.0,6.1.06.1.1.02.X,6.1.06.1.1.03.X,6.1.06.1.1.04.X,6.1.06.1.1.05.X,6.1.06.1.1.06.X,6.1.06.1.1.07.0,6.1.06.1.1.09.X,6.1.06.1.1.10.X,6.1.06.1.1.11.X,6.1.06.1.1.12.X,6.1.06.1.1.14.X,6.1.06.2.1.01.0,6.1.06.2.1.02.0,6.1.06.2.1.04.0,6.1.06.3.2.01.X
2015-01-01,-1.66,3.4,4.6,3.91,3.87,-2.0,2.53,2.65,4.22,5.3,4.41,3.34,-31.95,-2.19,7.64,2.27,6.14,7.76,3.67,5.85,7.14,9.0,7.16,-0.86,0.92,6.27,-0.24,9.46,8.72,10.34,9.67,9.0,0.86,-1.03,25.64,-1.22,7.21,10.03,2.17,6.59,11.97,2.76,12.47,23.85,19.68,10.17,15.14,-0.19,5.59,14.35,27.74,4.87,5.11,-2.96,4.71,7.59,1.29,63.49,5.65,1.61,4.99,21.67,11.74,19.35,9.09,0.57,3.69,12.9,31.89,2.16,-11.8,13.04,22.41,15.89,22.39,24.07,13.46,11.18,-6.99,7.0,41.35,16.86,13.43,10.07,5.98,0.0,7.59,1.48,1.77,18.05,12.6,17.32,0.91,6.4,3.89,1.92,0.67,7.21,0.3,-1.72,1.57,0.9,12.37,5.77,2.19,4.59,1.51,20.33,5.41,21.28,6.02,6.95,8.18,5.42,7.47,12.0,8.6,5.19,6.96,5.7,5.72,4.34,6.68,2.6,4.11,3.78,6.78,5.96,7.96,6.51,5.66,5.22,3.88,10.43,12.86,7.47,11.86,6.63,14.9,2.83,7.57,12.88,9.31,6.3,6.94,5.03,6.48,6.63,6.98,5.07,5.49,6.65,6.6,5.6,4.58,4.04,5.49,6.91,5.19,6.27,2.42,6.99,10.77,7.74,7.64,5.31,5.31,4.79,5.86,5.2,5.03,6.97,3.15,6.09,3.84,1.22,1.27,2.55,-11.1,3.2,0.93,5.84,4.53,7.8,3.81,7.14,5.37,6.31,8.39,5.76,11.72,6.24,4.33,6.0,6.3,6.55,15.25,2.97,2.12,5.43,3.28,1.64,4.08,3.05,2.2,8.69,2.3,-0.71,5.42,0.85,3.15,4.38,7.27,3.13,3.82,4.5,2.53,5.28,14.29,6.89,6.65,4.66,4.34,4.02,9.16,6.06,1.31,2.47,6.79,6.1,5.16,2.04,5.39,6.08,3.76,16.95,4.72,4.83,8.29,5.47,1.58,1.5,3.2,4.51,-14.63,-6.92,3.93,3.16,7.45,6.23,5.9,6.41,7.88,6.64,-30.13,0.0,0.7,-0.29,0.58,2.96,2.32,2.62,3.9,0.95,0.0,0.98,5.13,1.45,5.55,8.15,2.93,2.38,7.65,3.37,0.0,1.82,3.88,4.32,4.46,6.07,8.04,7.25,5.95,6.55,6.07,5.65,5.86,4.41,4.3,5.15,1.87,5.17,6.12,5.56,3.7,-7.36,-13.49,-1.45,7.82
2015-02-01,-4.42,3.22,4.69,4.15,2.75,-10.02,2.1,2.89,4.03,5.72,4.73,3.7,-27.27,-5.85,10.15,3.47,6.45,9.88,3.73,6.91,7.36,9.14,7.89,-0.17,9.62,7.24,-1.14,9.3,8.29,11.43,9.7,7.47,1.43,2.09,21.68,-0.38,6.35,9.57,1.88,6.14,16.51,5.68,-2.16,21.33,19.95,7.85,15.14,2.88,2.58,2.31,23.94,17.77,-0.96,-2.96,0.59,7.92,0.77,57.68,5.41,2.35,4.85,21.96,11.35,20.0,9.36,2.1,23.4,12.91,33.09,9.79,-11.28,11.36,34.41,13.4,20.0,30.11,16.13,9.72,-6.42,7.28,33.96,11.57,9.99,11.89,6.51,0.0,9.86,3.97,3.86,16.77,14.15,16.97,3.72,6.4,3.79,2.79,2.31,7.91,0.3,-1.53,1.78,3.93,13.14,5.65,2.19,4.57,2.55,20.68,6.36,21.43,6.72,9.0,8.21,5.38,7.67,11.22,8.53,5.78,7.27,5.86,5.79,4.69,7.48,2.69,4.76,3.85,6.29,6.67,7.83,7.73,6.2,5.57,6.4,11.7,13.45,8.05,12.7,8.41,8.48,4.79,11.0,14.07,10.76,6.1,7.16,5.46,6.62,6.63,6.77,5.14,5.65,6.43,6.48,4.67,4.66,4.31,2.31,7.12,5.08,5.52,4.09,6.88,12.49,7.67,8.43,5.46,5.56,5.06,6.63,6.3,4.99,6.52,2.76,4.72,4.55,1.31,1.27,3.18,-16.71,5.08,2.05,7.73,6.35,10.22,3.94,7.37,5.24,6.63,9.87,3.66,11.22,5.76,4.39,6.15,6.86,6.27,18.32,5.55,3.53,4.3,3.28,1.46,4.06,2.75,2.2,11.15,1.93,-4.95,6.02,0.47,3.23,4.36,8.47,4.14,3.9,5.48,4.19,4.65,9.47,6.2,6.09,4.93,4.41,4.38,8.41,6.5,2.16,3.1,7.12,6.06,5.03,1.23,6.34,6.76,3.84,15.38,4.87,4.81,9.18,5.82,1.77,1.78,3.19,4.59,-18.33,-11.94,4.2,2.46,6.88,6.9,6.14,6.73,9.38,6.98,-27.98,1.7,0.7,0.0,0.19,2.56,2.5,3.11,4.17,0.95,0.0,0.8,5.88,1.61,5.71,7.0,2.83,4.46,8.21,3.55,0.0,2.09,2.08,5.65,4.64,6.13,7.67,7.33,5.65,6.81,6.14,5.99,6.21,4.59,4.57,5.32,4.17,5.14,6.47,4.59,0.95,-8.65,-13.87,-0.91,8.54
2015-03-01,-4.42,2.57,4.17,3.28,2.16,-5.47,1.37,2.22,3.25,6.06,5.05,3.61,-31.9,-7.99,9.25,3.29,6.26,4.35,3.05,6.27,7.67,8.76,6.08,0.43,5.58,7.04,-3.47,8.43,7.9,10.59,9.65,7.72,1.14,4.52,15.73,0.0,5.61,8.87,0.93,3.94,8.83,6.74,0.08,17.19,18.83,4.06,15.14,5.18,-0.48,4.51,13.43,23.89,6.77,-2.96,-2.42,7.53,2.25,53.48,7.97,5.18,5.48,25.57,11.16,20.11,9.37,-9.58,26.62,14.42,29.37,8.09,-14.05,12.39,31.12,13.59,26.99,30.49,16.79,8.26,-6.76,9.9,26.74,10.51,14.56,11.04,6.48,0.0,12.74,4.86,5.47,14.5,14.68,16.91,2.86,6.34,3.79,3.87,2.89,7.96,0.3,-3.35,0.75,5.34,14.26,5.34,3.62,4.1,3.41,19.0,6.42,19.26,7.45,9.51,8.88,5.72,7.62,11.25,8.82,5.84,7.06,6.36,4.85,4.59,7.27,2.58,4.84,3.75,6.43,6.92,8.28,7.42,6.54,4.46,5.11,11.62,12.32,8.1,12.96,9.36,8.86,6.08,8.3,15.12,11.0,6.33,7.21,5.71,6.23,5.9,6.83,4.86,5.55,6.32,6.7,3.88,4.38,4.49,-3.18,7.09,5.05,4.97,9.76,7.01,11.08,7.72,8.72,5.26,5.36,4.95,6.53,6.19,4.78,6.16,2.95,2.86,4.99,1.87,1.86,2.89,-11.41,4.81,1.68,8.15,6.51,6.36,3.67,6.96,5.23,5.88,9.32,4.65,10.3,5.91,4.38,5.86,6.99,6.66,16.96,4.41,4.32,2.59,4.74,1.46,4.13,1.55,1.46,11.75,1.93,1.8,6.17,0.47,3.85,4.46,8.28,4.14,3.7,5.01,3.84,4.83,8.42,5.91,6.14,4.81,4.59,4.27,8.58,6.19,2.63,3.09,7.09,5.77,4.31,0.79,6.36,6.19,4.02,17.19,6.0,3.87,9.38,5.32,2.71,2.15,3.09,4.76,-15.39,-8.43,4.09,5.53,6.3,6.69,6.13,6.2,7.35,6.71,-37.41,1.7,0.7,0.2,0.29,2.56,2.5,4.42,4.16,1.14,0.55,0.62,6.42,1.13,5.77,6.08,2.36,4.78,8.93,3.53,0.0,4.0,3.45,5.64,4.82,5.83,7.75,7.3,6.1,6.6,6.21,5.96,6.36,4.67,4.55,5.47,4.35,5.4,6.36,2.82,-2.66,-10.44,-15.34,-3.32,8.92
2015-04-01,-4.65,1.84,3.83,2.34,2.59,-4.81,1.78,1.96,3.33,6.21,4.51,3.69,-27.79,-7.28,9.35,3.28,6.66,9.55,3.03,6.31,7.18,9.38,4.93,1.73,6.24,7.06,-1.55,8.11,6.46,9.65,9.32,7.31,1.14,6.4,8.87,-0.47,4.71,8.27,0.19,-0.16,12.21,4.13,-3.19,12.25,21.43,3.06,15.14,-1.54,-1.75,8.39,-3.34,34.15,8.62,-2.96,-6.89,9.92,4.73,41.14,8.08,6.62,5.25,21.11,12.31,19.32,9.46,-24.01,23.72,13.15,18.23,8.76,-20.89,11.88,27.64,14.81,20.7,26.44,17.61,6.27,-8.52,13.71,23.87,10.14,1.12,8.87,6.36,0.0,15.95,6.4,6.96,11.85,13.71,18.55,3.01,5.61,3.93,2.88,4.15,8.01,0.3,-7.41,-0.65,4.47,14.09,5.21,10.11,3.54,6.01,17.07,6.47,16.22,7.23,6.94,8.56,6.25,7.59,10.71,8.86,6.26,6.94,6.77,4.74,4.58,7.34,2.39,4.91,3.56,5.94,6.94,7.3,6.34,6.91,4.93,4.95,11.6,12.99,8.23,14.65,9.32,11.12,6.54,8.51,16.49,11.69,5.95,6.73,5.95,6.38,4.09,6.36,4.49,5.7,5.85,7.28,3.42,4.35,5.02,-1.41,7.32,5.31,4.34,8.79,7.08,10.33,8.12,8.75,5.14,5.43,3.65,6.05,4.96,4.67,5.96,1.88,2.69,5.44,2.16,2.15,2.25,-15.14,5.62,3.83,8.65,6.18,8.15,4.38,5.84,4.93,6.2,9.96,5.02,13.02,5.88,3.95,5.93,9.28,7.33,4.51,3.43,3.86,2.58,3.41,3.36,3.92,1.18,-0.09,9.6,2.2,13.21,6.77,-0.28,3.94,4.45,8.52,4.14,3.79,5.16,1.81,5.17,8.13,5.8,6.48,4.71,4.94,4.72,8.87,6.0,3.01,3.0,7.24,6.08,4.29,0.09,6.08,6.79,3.82,17.19,6.22,4.13,9.59,5.12,3.45,2.53,3.18,4.64,-14.93,-10.37,4.26,5.42,5.98,6.94,5.85,5.83,8.95,6.39,-30.85,6.96,0.43,0.0,0.29,2.74,2.58,3.0,4.35,2.29,1.66,0.53,6.77,0.64,6.19,5.53,2.36,3.23,9.23,3.9,0.0,3.44,2.74,4.45,4.8,5.63,8.06,7.6,5.63,6.39,5.9,6.02,6.33,4.85,4.83,5.9,3.14,5.58,6.17,4.18,-4.42,-8.39,-12.68,1.56,9.01
2015-05-01,-4.65,1.43,3.9,3.41,3.08,-6.0,2.28,1.47,3.58,6.45,4.83,4.05,-27.39,-6.82,8.36,2.7,6.63,6.54,3.23,6.98,7.31,9.08,4.89,1.53,7.25,6.62,-0.78,7.6,5.7,9.22,8.26,5.39,2.0,7.04,3.28,-0.09,3.9,6.21,-0.28,-0.31,8.24,2.85,-0.07,9.81,19.56,1.08,15.14,0.56,0.16,8.35,3.88,30.3,21.82,-2.96,-9.32,4.52,4.69,34.52,8.7,6.62,6.71,20.21,13.03,16.82,10.07,-31.9,20.01,12.47,10.91,8.83,-23.27,10.15,43.16,12.29,20.04,21.06,19.09,7.81,-9.64,13.13,21.79,9.74,-3.15,9.61,6.09,0.0,23.31,12.06,11.75,11.77,16.75,22.42,3.09,7.73,4.96,5.14,8.31,8.74,0.3,-8.99,-1.2,4.55,13.33,5.57,9.78,3.89,8.12,15.85,6.91,11.08,7.77,6.96,8.62,6.48,7.31,10.75,8.8,7.01,6.89,7.58,5.45,4.74,7.12,2.74,4.96,3.82,5.71,7.05,7.15,6.96,6.23,4.81,6.23,12.21,11.44,8.16,15.35,8.98,9.52,9.63,8.14,15.98,12.83,6.18,6.34,6.83,6.35,3.53,6.67,4.3,5.84,6.17,7.76,3.14,4.75,4.62,3.7,7.1,5.64,4.84,6.32,6.94,14.19,8.68,8.77,5.3,5.23,4.08,5.84,5.22,4.65,5.6,2.63,2.85,5.69,2.44,2.15,2.33,-9.87,8.65,2.8,8.63,6.45,6.65,7.11,5.9,4.84,4.89,9.82,3.98,13.3,5.5,-0.25,5.81,10.39,6.84,3.3,3.05,4.29,1.81,3.23,5.06,4.17,1.08,-0.09,11.23,2.84,10.34,6.64,-1.2,5.22,3.27,7.98,5.18,4.05,4.53,4.08,5.51,6.02,6.3,4.43,4.88,5.02,5.14,10.34,5.98,3.09,3.36,7.31,5.89,5.26,0.61,6.09,7.02,4.18,16.73,6.36,4.51,10.14,5.19,3.07,2.62,2.99,4.62,-8.81,-6.09,4.51,4.7,5.9,6.57,6.35,5.83,9.65,6.38,-30.68,7.5,0.17,0.49,0.48,2.73,2.84,2.98,4.42,2.09,1.66,0.71,5.48,0.8,6.08,5.68,2.54,4.61,9.71,4.08,0.0,2.7,2.74,4.54,4.78,5.78,8.13,7.57,7.17,6.08,6.15,6.18,6.31,4.93,5.09,5.68,5.56,4.48,5.35,6.8,0.0,-6.65,-8.99,2.2,9.39
2015-06-01,5.53,0.79,2.78,1.92,2.14,-4.88,2.53,1.8,3.48,6.78,5.58,4.58,-20.34,-6.37,7.6,3.5,6.05,4.32,3.58,7.44,7.91,9.8,4.88,6.18,9.85,6.77,5.01,7.1,5.76,7.73,7.48,6.01,4.68,8.42,-1.39,0.85,3.37,4.94,0.46,1.31,6.51,7.53,5.01,7.62,19.16,5.38,15.14,0.3,2.99,5.82,13.22,17.31,14.68,3.35,-9.87,3.78,4.66,28.75,9.59,6.56,8.55,18.24,14.22,14.44,10.05,-31.04,19.1,9.9,11.64,13.3,-19.61,9.3,41.01,12.53,15.07,15.04,19.28,10.99,-5.68,12.15,22.6,7.45,2.04,12.27,6.41,0.0,31.81,17.96,17.11,14.5,21.19,28.21,5.67,9.46,7.09,7.94,12.72,11.53,0.4,-10.37,-1.46,2.07,13.82,5.45,10.14,4.22,10.01,16.06,8.29,8.78,9.35,7.83,8.83,8.47,7.69,10.45,8.67,7.22,6.74,8.57,5.26,4.8,7.09,3.08,5.09,3.53,5.68,8.01,7.46,4.92,6.74,6.96,5.31,13.63,10.83,8.43,15.35,9.93,10.86,9.55,11.47,15.95,12.42,5.97,6.21,6.96,5.96,5.31,6.71,4.28,6.15,5.62,7.02,4.96,5.63,7.48,0.62,7.23,5.27,4.63,5.97,6.9,11.47,8.33,9.43,5.28,5.3,4.34,6.24,5.18,4.49,5.57,2.91,2.5,5.49,2.72,2.15,2.69,-11.03,9.06,4.68,7.78,6.44,6.43,8.19,5.87,4.28,4.86,9.5,4.91,14.47,5.05,6.43,6.06,8.62,6.42,3.37,2.23,5.85,0.81,3.05,6.43,4.34,2.83,0.81,9.71,2.37,12.0,6.51,0.75,7.78,3.52,7.33,3.87,4.32,4.59,5.63,6.17,5.71,6.24,3.97,5.11,4.89,6.47,8.71,6.04,4.01,3.81,7.89,6.27,5.13,1.22,6.21,6.81,4.35,17.89,6.22,4.5,10.78,5.25,3.15,2.8,3.25,4.14,-6.09,-6.26,4.95,5.93,5.0,4.98,6.58,6.87,10.42,6.88,-34.86,6.68,3.89,-0.1,0.58,2.73,3.38,4.79,4.03,2.37,1.66,0.0,6.57,1.04,6.04,5.9,2.07,7.72,9.3,4.72,0.0,3.24,2.65,4.59,4.91,5.83,7.8,7.87,3.57,6.12,6.73,6.23,6.45,5.28,5.25,6.01,5.79,4.65,6.41,12.64,-1.89,-2.96,-8.94,3.45,9.33
2015-07-01,5.86,-0.62,1.92,1.0,1.89,-4.9,2.11,1.39,3.39,5.33,4.97,4.2,-7.73,-6.84,5.3,1.34,6.01,2.26,2.28,8.48,8.11,10.06,4.26,4.82,6.78,7.68,2.72,5.95,4.94,7.31,6.77,5.57,5.74,8.25,-9.42,0.09,2.42,4.56,0.37,-2.8,-0.48,6.42,4.6,1.1,18.27,1.59,15.14,-0.59,0.95,7.84,10.7,23.13,12.46,13.45,-10.7,5.55,1.53,20.92,9.86,6.49,10.09,16.86,13.03,12.26,8.71,-35.84,-0.73,2.65,-2.34,14.82,-19.94,3.21,-16.9,-1.28,2.02,0.26,1.29,-5.08,-1.87,3.24,12.0,-2.59,3.34,2.62,6.47,0.0,33.61,19.72,18.43,13.79,21.35,27.92,7.97,12.87,6.0,9.25,14.05,11.88,0.5,-14.69,-3.42,0.9,13.16,5.23,5.15,4.29,10.56,14.51,7.49,6.53,8.99,6.75,8.34,6.98,7.66,10.33,7.94,7.35,6.45,8.71,5.42,4.17,6.74,2.99,4.89,3.34,5.13,8.06,8.6,9.4,7.07,5.36,7.48,11.5,11.4,7.49,13.09,10.1,12.47,7.63,9.09,15.02,13.5,5.93,5.75,6.4,5.51,3.06,6.51,3.48,5.77,5.33,6.12,6.19,5.36,7.47,-4.81,6.5,4.81,5.23,5.71,6.17,12.5,7.68,8.85,4.99,5.08,4.23,5.94,4.46,4.45,6.0,3.0,3.09,5.47,2.62,1.65,2.59,-13.72,6.99,4.42,7.29,7.53,4.77,7.68,6.34,3.91,5.03,10.61,5.59,19.23,5.03,6.5,5.42,9.95,6.72,-0.7,2.14,3.83,-0.73,2.59,8.45,3.79,3.02,1.26,7.91,2.73,22.23,6.04,0.28,5.95,3.05,7.32,3.33,4.03,4.84,5.54,6.77,4.74,6.88,4.48,4.82,4.78,6.0,5.39,5.75,3.07,3.61,7.03,6.06,4.5,0.96,6.29,6.94,4.43,16.5,6.81,3.83,10.23,5.5,3.72,2.89,2.87,4.29,-8.91,-10.66,4.48,5.75,1.41,4.01,6.11,6.18,9.84,5.84,-37.01,10.18,3.89,-0.1,0.58,2.08,3.29,4.34,3.55,1.13,1.66,0.18,5.95,1.04,6.01,5.62,1.97,8.22,8.2,4.32,0.0,3.7,0.17,3.51,4.78,5.53,6.78,7.08,3.92,5.36,6.43,6.2,6.22,4.97,5.23,5.89,7.54,6.14,5.71,12.89,-0.41,-7.2,-15.36,2.9,9.25
2015-08-01,17.14,-1.16,1.15,1.57,1.98,5.3,1.86,1.06,2.87,3.98,4.18,4.1,-7.73,-8.61,6.46,2.43,5.59,7.25,2.78,7.96,8.07,10.83,4.31,2.25,11.13,6.45,2.39,5.24,4.11,6.08,6.22,5.31,6.31,10.54,-12.31,0.28,2.24,4.45,-0.09,-4.67,0.15,6.73,3.72,-0.85,17.81,6.38,15.14,0.37,0.58,11.23,13.3,17.31,10.86,13.45,-10.99,7.22,-0.57,10.53,12.15,6.24,10.59,20.45,14.98,8.45,7.9,-41.7,51.93,3.16,-3.76,9.91,-19.29,4.55,-40.36,0.41,1.98,-0.19,-3.97,-7.3,16.24,2.17,2.85,-5.05,-0.09,0.38,5.96,0.0,41.37,22.28,20.04,12.92,23.63,26.95,5.98,15.22,5.61,11.25,15.38,10.71,0.9,-15.73,-5.15,0.63,13.67,5.31,5.43,4.54,10.22,12.54,7.04,5.59,8.25,5.45,8.15,6.76,7.02,9.42,7.39,7.56,5.99,8.82,5.58,4.42,6.24,3.34,4.23,3.32,5.09,8.19,8.65,9.94,7.38,4.77,9.47,10.94,10.36,7.04,12.11,9.79,11.43,7.96,8.22,14.21,12.6,6.15,6.24,6.55,5.91,3.93,6.04,3.3,5.92,5.05,6.1,6.72,5.97,5.54,-4.42,6.39,4.87,4.76,6.18,6.15,10.66,7.23,8.96,4.79,5.5,5.0,6.08,4.28,4.69,5.81,3.09,3.09,5.36,2.06,1.55,2.59,-19.32,5.76,2.42,8.03,8.3,3.02,10.89,5.61,4.08,5.96,10.58,4.14,14.67,5.1,6.14,4.79,9.44,7.14,3.19,2.6,4.62,-1.05,2.13,10.07,3.95,1.73,1.35,-0.63,2.18,25.52,5.66,0.85,5.22,1.9,8.66,2.23,4.01,4.31,5.42,6.2,4.87,6.95,5.24,4.89,5.04,5.79,5.3,5.43,3.44,3.04,6.9,6.9,4.23,1.31,6.45,6.87,4.13,16.7,6.5,3.07,10.49,5.2,4.55,3.36,2.86,4.37,-11.36,-18.58,4.28,4.22,0.44,3.66,6.18,6.06,6.56,5.49,-37.74,10.18,3.89,-0.2,0.29,1.98,3.56,3.68,3.83,1.51,1.66,0.27,6.38,0.8,5.81,5.17,2.15,8.89,8.96,4.4,0.0,3.32,0.34,3.41,4.3,5.67,6.38,6.41,3.99,5.16,6.13,6.17,5.92,5.04,5.2,6.13,7.64,6.77,5.75,10.79,-0.41,-8.72,-15.87,-3.32,8.86
2015-09-01,17.11,-1.08,0.98,2.15,1.97,6.43,2.18,1.46,3.2,4.5,4.42,4.09,-15.71,-9.35,5.42,3.13,6.2,7.64,3.26,9.68,8.39,12.25,5.13,1.01,11.56,6.66,1.19,5.05,3.83,5.98,6.36,6.76,7.46,11.74,-17.26,1.24,2.16,4.86,0.0,-6.14,3.76,14.64,0.22,-2.35,17.17,5.48,15.14,-0.86,0.8,5.74,4.61,2.97,16.92,13.45,-6.49,8.14,6.09,5.61,11.06,5.71,10.45,18.48,14.13,7.17,8.18,-45.8,88.45,4.67,-2.18,14.46,-15.9,3.18,-26.75,-1.75,-4.18,-0.19,0.84,-4.71,12.51,0.07,9.13,1.24,0.67,0.39,6.29,0.0,49.91,25.15,21.71,14.12,24.66,28.83,5.96,14.84,7.07,14.11,17.74,11.05,1.39,-15.34,-4.79,3.14,14.35,5.66,5.23,4.7,11.33,12.0,7.57,5.12,10.81,7.52,8.09,7.53,6.49,9.6,6.71,7.86,6.13,8.52,5.65,4.14,6.26,3.24,4.39,3.49,4.8,8.32,8.75,8.98,6.53,5.72,10.17,10.56,10.19,7.25,11.39,9.2,9.89,5.56,7.32,14.44,11.99,5.87,6.14,6.42,5.03,3.31,6.0,3.38,5.99,4.85,6.48,6.01,5.16,5.8,-8.06,6.44,4.85,4.8,6.99,5.86,10.87,8.07,9.93,4.95,5.47,4.81,5.89,4.25,4.75,5.94,2.8,3.09,5.43,1.31,1.94,2.4,-21.69,2.7,0.71,7.33,7.79,3.53,11.68,5.41,4.15,5.67,10.6,5.52,7.61,4.65,5.94,4.34,7.17,6.32,0.0,2.97,2.52,-0.89,2.85,9.96,3.68,0.09,0.36,-0.63,1.35,26.63,5.3,1.51,5.59,1.38,9.76,5.6,3.63,4.57,5.83,5.91,3.58,7.97,3.45,5.04,4.84,6.03,6.46,5.94,2.69,3.75,7.71,7.03,4.31,1.31,6.48,7.26,4.22,9.28,6.38,3.25,10.06,5.63,4.74,3.72,2.58,4.52,-11.74,-21.71,4.62,3.71,1.03,3.64,6.74,6.17,8.6,5.63,-22.96,11.79,3.89,-0.59,1.07,2.97,3.37,2.86,3.17,1.41,1.66,0.09,6.73,0.64,5.69,4.98,3.14,11.5,8.34,4.84,0.0,3.32,1.27,3.69,4.82,5.64,6.17,6.3,3.54,5.22,6.18,6.32,5.54,5.11,4.72,6.2,8.47,6.27,5.97,10.09,-1.56,-4.17,-13.37,-4.51,9.53
2015-10-01,11.37,-0.62,0.32,0.66,2.21,4.92,2.34,2.19,2.69,3.88,4.41,3.99,-18.64,-9.64,5.16,3.6,6.28,7.62,3.7,8.61,8.16,11.29,4.88,-1.6,15.93,7.15,0.68,4.79,2.88,5.52,5.92,6.73,9.57,12.13,-18.29,2.39,2.72,4.75,0.28,-6.82,4.25,6.55,6.2,-1.41,17.47,3.88,-10.87,-1.24,2.89,11.83,1.81,16.64,10.42,13.45,-3.48,14.89,8.5,3.52,13.4,7.51,10.84,16.86,13.26,4.59,7.47,-45.1,74.08,6.1,3.24,16.68,-11.22,5.3,0.13,3.28,-0.71,1.56,0.28,4.25,10.67,5.89,11.92,5.08,-4.69,3.13,6.43,150.0,77.79,32.31,27.25,19.12,26.56,41.44,7.08,16.78,9.34,14.58,21.25,12.89,1.49,-12.54,-4.08,2.31,11.0,5.81,5.89,4.68,12.2,11.72,7.83,4.45,13.1,6.92,8.05,7.67,6.3,10.0,6.84,7.48,6.09,7.88,4.99,4.21,6.14,3.15,4.83,3.31,4.62,8.9,8.62,6.63,6.09,6.08,11.96,9.63,10.36,7.46,13.49,7.88,14.76,5.66,7.53,14.96,10.94,5.0,5.92,5.95,4.85,5.62,5.46,3.35,5.86,4.32,6.51,6.67,6.26,5.25,-5.42,5.82,4.83,3.84,8.81,5.24,12.32,8.06,9.87,4.59,5.19,4.08,5.69,3.53,4.9,6.29,2.89,2.74,5.15,0.28,1.94,2.13,-19.17,1.45,2.45,7.63,6.6,4.89,12.51,4.43,4.12,5.98,10.87,10.36,14.22,4.03,5.48,4.25,6.8,6.72,1.15,3.61,2.61,-0.81,2.76,10.9,3.85,-0.09,0.63,-0.63,0.63,27.71,5.63,3.02,5.73,2.67,10.91,6.46,3.89,3.93,6.28,6.05,3.41,7.84,3.02,4.39,4.55,6.18,8.4,5.73,2.59,5.45,7.74,6.66,4.04,1.74,6.56,7.93,4.2,2.24,5.65,2.69,9.73,5.52,4.25,3.53,2.94,4.16,-9.8,-19.31,4.78,2.74,0.29,3.55,4.91,4.08,8.85,5.77,-29.32,10.18,3.89,-0.68,0.97,2.79,3.74,2.32,3.53,2.25,1.66,0.09,6.63,0.56,5.66,4.96,3.04,8.5,8.64,4.92,0.0,3.83,3.31,2.58,4.91,5.44,6.33,5.73,3.1,4.49,6.23,6.38,5.09,4.73,5.07,5.99,7.03,6.42,6.48,6.37,-0.25,-2.48,-7.73,-5.04,9.62
2015-11-01,11.61,-0.31,0.57,1.07,3.44,4.04,2.73,2.43,3.34,3.77,4.64,3.7,-4.24,-9.04,8.0,3.93,6.5,3.54,4.18,8.49,8.01,11.41,5.76,-0.93,16.47,8.21,0.5,3.94,2.86,4.97,5.56,6.77,12.81,10.63,-18.66,3.94,2.96,4.13,0.83,-5.68,10.17,1.84,8.87,-2.69,16.91,0.37,-14.63,-0.18,-0.57,6.99,-3.72,14.11,0.3,13.45,-1.16,11.83,6.4,2.33,12.62,7.58,10.58,11.28,12.87,3.17,8.03,-42.23,47.59,1.85,5.26,22.48,-7.98,2.64,56.7,-0.51,2.78,5.22,0.38,0.24,4.99,4.0,18.76,6.54,2.12,1.05,6.41,150.0,82.38,34.55,31.05,20.34,28.13,49.84,9.87,20.84,11.99,17.09,24.02,14.29,1.0,-10.4,-3.91,1.68,11.58,5.6,5.78,5.0,12.35,11.58,8.93,5.39,14.8,8.4,8.49,8.21,5.67,6.85,6.62,6.91,6.3,8.49,4.33,4.64,5.3,3.05,4.64,3.13,4.59,8.42,7.63,5.93,6.07,4.1,12.65,10.56,10.77,8.58,11.72,8.18,13.67,8.18,5.86,13.81,13.97,5.81,6.05,6.84,4.91,4.36,5.76,3.34,6.01,4.3,6.65,6.31,6.93,5.29,0.25,5.95,5.06,4.58,8.01,5.22,8.58,8.0,9.95,4.91,5.51,5.53,5.75,3.77,5.06,6.34,3.07,2.39,5.3,0.0,1.94,2.22,-12.09,1.7,6.24,7.21,4.08,1.62,13.69,3.4,3.33,4.87,9.1,7.73,20.82,4.52,5.88,4.47,7.15,7.21,-1.68,3.17,2.79,-0.65,2.94,11.76,3.93,0.72,0.63,0.27,0.36,27.61,5.94,13.3,6.25,2.39,9.61,5.14,3.6,2.85,4.88,5.64,2.03,7.19,2.54,4.55,4.18,6.52,8.94,5.53,2.58,5.45,7.62,5.95,4.29,0.78,5.38,7.89,4.18,5.05,6.23,2.78,9.28,5.22,3.88,3.53,2.93,4.33,-6.59,-13.2,4.85,2.82,0.88,4.03,3.95,3.59,9.44,5.52,-27.56,10.18,3.89,-0.49,0.58,2.78,3.46,2.31,3.24,3.59,1.66,0.0,7.34,2.55,5.47,4.69,3.74,5.49,8.15,5.46,0.0,4.0,1.27,3.39,4.81,5.42,6.49,5.81,3.73,4.21,6.47,6.16,4.97,4.79,5.04,5.79,7.29,5.85,6.47,6.94,-0.65,-1.78,-4.06,-3.93,9.95
2015-12-01,11.48,0.39,0.98,0.66,3.42,4.04,3.05,2.43,3.5,4.71,4.64,3.42,-3.88,-9.48,7.42,5.12,6.32,4.99,4.99,8.98,7.9,11.02,4.94,3.09,18.08,8.3,1.05,3.94,2.35,4.78,4.78,6.41,13.85,9.99,-16.14,4.14,3.04,4.37,1.67,-7.2,3.86,0.15,11.03,-1.69,16.88,2.17,-12.21,-1.33,-4.86,6.94,-0.07,12.6,-6.33,13.45,-3.51,6.79,3.82,2.92,11.13,8.76,11.49,7.12,10.8,2.28,7.14,-30.34,17.87,4.78,7.97,53.0,-2.68,4.92,26.47,11.14,-4.06,2.23,2.4,4.44,5.32,3.35,23.35,11.95,4.98,4.39,5.86,150.0,81.09,35.93,30.85,19.09,27.09,53.97,11.19,20.3,12.36,18.16,25.43,13.73,0.7,-7.26,-3.15,1.41,13.03,5.4,5.98,5.27,12.34,10.98,9.36,6.27,15.45,10.5,8.0,9.1,5.79,5.19,6.9,7.33,6.29,8.04,4.21,4.44,4.86,3.06,5.17,3.21,4.83,8.74,7.84,7.37,6.13,3.89,13.22,9.94,9.38,8.1,11.19,8.31,13.2,8.55,8.82,12.34,14.12,5.64,5.85,7.07,5.56,5.78,5.66,3.25,5.74,3.87,6.7,6.48,6.48,5.16,0.34,5.61,5.04,5.18,9.21,5.03,9.23,7.6,9.99,4.9,5.67,5.19,5.82,3.76,5.08,6.16,3.81,2.21,5.36,1.49,1.94,1.95,-8.69,3.81,8.38,7.22,3.36,-0.08,11.82,4.24,3.5,5.39,5.05,9.15,3.6,4.59,4.33,4.53,10.56,6.41,-1.21,2.53,3.23,-0.57,2.75,13.66,3.75,0.71,0.09,0.99,1.26,22.84,5.41,14.76,6.41,2.83,9.52,5.57,3.68,2.76,4.68,6.04,1.12,7.15,2.11,4.47,4.26,6.78,8.44,5.15,3.04,5.71,7.24,6.28,4.1,0.26,6.3,8.71,4.35,0.93,6.74,3.57,9.24,5.21,4.15,3.61,3.11,4.94,-4.87,-10.7,4.66,1.7,0.88,4.35,4.69,5.53,10.44,5.61,-25.15,10.18,4.92,-0.68,0.39,2.87,3.73,2.84,2.88,3.97,1.66,0.0,6.92,1.98,5.7,4.76,3.74,6.09,7.86,5.82,0.0,4.91,1.44,3.29,4.98,5.41,5.97,5.36,3.89,4.11,5.74,6.22,4.79,4.97,4.85,6.21,8.08,4.27,6.38,6.18,-0.49,-4.17,-6.7,-3.23,9.73
2016-01-01,-3.37,1.41,1.06,1.15,3.64,-6.7,2.62,2.18,3.08,5.29,4.79,3.59,0.83,-8.96,7.01,7.44,5.39,5.76,5.53,8.65,7.75,10.47,3.69,7.09,17.03,9.2,3.88,3.92,2.92,4.93,5.08,5.28,13.2,8.77,-18.31,3.05,2.87,4.84,1.75,-6.89,14.21,4.7,9.56,-4.21,11.31,3.68,-4.13,-0.48,-3.63,5.87,-10.01,31.0,0.82,13.45,-4.6,4.04,4.67,-0.73,7.84,7.92,11.92,2.84,7.93,1.17,5.42,-16.86,7.06,3.72,14.11,59.49,0.06,5.57,22.66,11.02,-1.04,-1.13,6.28,3.37,0.13,2.38,10.68,12.16,7.98,4.83,5.05,150.0,75.44,33.79,28.47,16.48,25.21,55.32,11.16,21.04,13.1,17.86,24.93,13.45,0.7,-2.16,-1.55,4.37,13.44,5.45,5.67,5.07,11.56,10.2,8.65,4.74,15.74,10.86,8.3,7.47,5.67,4.75,6.77,7.57,6.35,7.77,4.37,4.5,4.91,3.06,5.61,3.56,5.25,8.44,7.2,10.62,6.54,5.92,11.54,8.31,8.76,7.27,10.24,7.75,12.72,12.55,7.96,12.59,15.38,5.69,5.76,7.27,5.84,4.81,5.8,3.0,5.7,4.02,7.23,6.55,6.37,5.38,0.0,5.58,5.35,5.07,9.36,5.0,10.31,8.35,10.42,4.62,5.21,5.76,5.2,3.75,5.3,6.59,3.33,2.71,4.64,3.15,1.25,2.13,-9.11,0.41,7.06,6.82,4.25,-1.08,13.0,4.81,3.31,4.52,2.81,10.11,2.16,4.4,4.48,4.5,10.55,6.15,-1.43,3.87,1.56,-1.37,2.29,16.98,3.66,1.88,0.18,1.45,1.08,15.1,5.22,14.54,6.36,3.68,10.81,6.51,3.77,3.87,4.32,6.29,2.0,7.27,-0.08,4.54,3.99,7.11,8.85,4.35,3.79,5.8,6.36,6.4,3.66,2.08,6.46,9.27,4.34,1.19,7.1,2.39,9.63,5.01,3.58,3.51,2.75,4.92,-3.06,-9.83,4.21,1.7,0.95,3.86,4.1,5.33,9.77,5.34,-18.62,11.62,8.37,-0.2,0.58,2.69,3.81,2.9,2.42,3.11,1.66,-0.18,5.94,-0.16,5.59,4.25,3.65,12.14,8.29,5.43,0.0,4.02,1.44,2.91,4.8,5.13,5.62,5.51,4.23,4.01,6.06,6.19,4.77,4.67,4.47,6.28,8.9,4.92,5.93,5.79,1.83,-4.29,-9.85,-1.57,9.94
2016-02-01,-1.04,1.25,0.65,0.65,3.72,0.87,2.77,1.84,2.82,4.73,4.51,3.48,0.9,-7.03,5.12,5.85,5.35,8.32,6.23,7.33,7.31,9.43,3.42,4.98,14.91,8.84,6.28,3.58,2.83,4.07,4.58,6.45,11.95,6.84,-23.57,2.57,2.05,6.29,1.29,-6.5,3.65,2.06,15.23,-8.15,10.68,6.13,-4.13,0.65,-3.57,8.32,0.78,7.17,0.07,13.45,-4.37,2.95,3.41,-0.62,8.44,7.77,11.65,0.0,3.35,0.0,5.14,-9.35,-7.7,2.36,3.98,40.54,-3.63,3.87,-1.03,2.16,-1.36,-4.7,4.53,-0.07,-3.07,1.27,-1.89,9.27,6.57,2.51,3.9,150.0,64.87,29.58,25.43,13.19,22.24,55.44,7.91,22.99,13.23,17.43,23.66,12.58,0.6,0.41,-0.64,3.87,10.76,5.43,5.87,5.14,10.23,7.4,9.01,3.28,16.17,11.06,8.16,7.18,5.3,4.97,6.5,7.1,6.06,7.49,3.48,4.05,4.19,2.79,6.03,3.45,5.41,8.72,7.0,10.93,6.09,5.36,8.04,7.28,7.85,6.74,10.12,5.46,14.12,9.89,3.39,10.33,14.69,5.59,5.31,7.4,5.57,3.27,5.94,2.99,5.84,4.0,7.53,6.94,6.18,5.04,2.86,5.46,5.58,4.49,8.79,5.07,10.12,8.44,9.83,4.68,4.76,6.26,5.07,3.39,5.26,6.72,4.72,2.78,3.84,1.29,1.06,1.5,-4.34,0.89,6.85,6.22,3.33,1.82,14.51,4.44,2.7,3.65,1.38,10.59,6.29,4.55,4.45,4.39,8.66,6.4,0.08,-0.35,0.09,-0.97,1.94,25.38,3.29,1.61,0.27,-0.8,0.63,20.09,4.86,14.63,5.82,4.69,10.2,5.48,3.57,3.15,3.15,7.09,1.92,7.48,1.52,4.44,3.97,7.43,8.97,4.32,3.31,5.22,6.16,5.79,3.22,2.08,5.71,8.17,4.41,2.84,6.47,2.56,8.57,4.9,3.74,3.4,2.56,5.34,0.57,-6.13,3.94,2.4,1.24,3.19,4.24,4.0,5.29,5.16,-21.95,9.76,8.37,-0.1,1.17,3.39,3.44,3.63,2.14,2.81,1.66,-0.26,6.17,0.95,5.56,4.23,3.46,12.99,7.98,5.5,0.0,4.72,1.44,2.45,4.87,4.94,6.05,5.75,3.45,4.08,6.29,6.07,4.4,4.92,4.9,6.08,7.67,4.55,5.74,6.58,11.16,1.94,-6.28,-1.19,9.43
2016-03-01,-3.01,1.56,0.9,0.33,3.81,-1.21,2.93,2.33,3.06,4.7,3.84,3.57,0.98,-5.28,5.47,6.6,5.65,10.24,7.48,7.47,6.74,9.41,3.93,6.53,18.93,9.13,6.68,3.33,2.58,3.25,4.56,6.67,11.11,5.13,-24.82,2.66,2.13,6.52,1.29,-7.02,7.97,5.12,15.27,-9.8,10.43,6.45,-4.13,2.06,-3.56,8.05,8.82,12.97,-3.4,13.45,-4.78,4.8,3.39,-2.21,7.64,6.25,10.66,-3.91,0.66,-0.39,4.32,5.7,-15.27,2.39,4.69,28.15,-4.72,3.97,-10.21,1.78,-0.87,-3.61,11.27,-1.06,0.56,0.14,6.21,9.02,4.34,2.21,3.63,150.0,55.9,28.17,22.64,11.06,19.42,52.46,8.26,23.2,12.98,16.5,22.38,11.93,0.5,4.41,1.02,2.53,9.71,5.15,4.41,5.22,9.43,5.81,8.6,3.97,17.09,11.23,7.99,7.4,4.64,3.82,6.15,6.74,6.12,7.44,4.54,4.14,4.35,2.17,6.01,3.45,5.12,8.52,6.39,8.97,5.88,8.37,8.1,7.83,7.75,7.1,10.19,5.34,12.13,6.06,6.0,11.44,14.62,5.07,4.96,7.29,5.23,4.84,5.91,3.06,6.08,3.83,6.92,7.31,6.17,4.05,8.39,5.68,5.72,4.99,3.65,4.64,10.88,8.17,9.61,4.5,4.75,6.49,5.39,3.21,5.24,6.93,4.99,2.78,2.89,-1.29,1.05,1.4,-8.42,-0.08,5.77,5.39,2.26,3.7,14.17,4.51,2.78,3.56,-0.78,12.73,9.09,4.37,3.87,4.13,6.61,6.08,1.13,0.0,-0.76,-0.08,0.96,31.58,3.02,2.43,0.9,-1.33,0.36,30.2,4.58,13.45,6.03,9.48,10.84,4.86,3.66,3.75,5.01,6.74,1.6,7.64,0.34,4.25,4.3,7.24,9.88,4.31,3.21,5.3,6.3,6.43,3.3,2.08,5.41,8.33,4.39,1.26,4.92,2.93,8.19,4.53,3.55,3.39,2.65,4.88,-6.1,-7.08,3.76,1.18,0.88,2.7,3.98,4.15,7.33,5.0,-9.58,11.34,8.37,-0.1,1.16,3.3,3.43,3.08,2.04,2.62,1.1,-0.44,5.86,2.23,5.13,3.9,3.82,13.78,7.42,5.39,0.0,3.32,0.17,2.63,4.77,5.09,5.79,5.97,3.43,3.73,6.26,5.79,3.88,5.0,4.79,5.87,1.79,4.45,5.56,8.22,14.1,6.27,-3.04,0.56,8.73
2016-04-01,-2.78,2.12,1.64,0.98,4.15,-1.44,2.62,2.33,3.23,4.42,3.6,2.85,0.9,-6.11,5.56,7.59,5.78,11.52,7.27,6.8,6.55,8.95,4.07,7.91,19.43,9.2,6.64,3.4,3.16,2.91,4.53,6.56,10.93,6.81,-29.37,3.61,2.78,6.26,2.49,-2.92,-0.07,7.42,20.6,-11.24,9.34,5.5,-4.13,14.94,-1.3,12.73,9.14,-11.94,-10.23,13.45,-2.5,5.4,2.63,-4.28,9.02,6.9,10.6,-0.26,-2.15,0.08,2.98,22.49,-16.89,5.23,10.42,23.94,-4.44,7.36,-5.95,2.75,12.14,2.81,16.69,2.73,5.62,3.5,12.75,11.15,7.33,6.56,4.47,150.0,55.1,29.17,23.98,10.66,19.53,52.44,7.8,22.16,12.28,16.96,23.06,11.79,0.5,12.81,4.4,3.23,9.82,4.95,-2.32,5.39,7.65,5.22,8.46,4.81,18.3,13.96,7.88,7.47,4.39,3.45,6.12,6.38,5.93,7.22,4.78,4.04,4.09,1.82,6.5,3.86,5.44,7.55,6.63,11.03,5.39,8.96,6.55,7.25,6.28,7.37,8.87,4.85,12.26,4.28,7.25,10.75,13.93,5.29,5.03,6.84,4.97,3.93,6.14,3.47,5.97,4.23,6.63,7.1,5.89,3.05,5.53,5.49,5.79,5.91,4.99,4.86,11.02,8.12,9.7,4.15,4.74,5.87,5.3,3.72,5.38,6.9,5.36,3.19,2.87,-2.39,0.86,1.76,-3.48,-1.03,2.97,4.65,1.25,2.73,13.17,5.43,2.52,3.45,-1.97,12.95,1.69,4.35,4.13,4.03,3.58,5.53,2.05,0.7,-0.42,-0.57,1.3,31.33,3.0,2.97,1.81,-0.18,-0.72,16.97,3.98,14.14,6.2,9.45,9.58,5.3,3.48,2.96,6.15,6.45,2.0,7.69,1.08,3.99,4.02,6.76,10.57,4.14,3.19,5.38,6.59,6.05,3.79,2.08,5.73,8.09,4.56,1.35,4.64,2.56,7.52,4.87,2.98,3.38,2.55,4.6,-1.75,-2.8,3.57,0.67,1.32,2.53,4.39,4.06,7.42,4.8,-10.06,13.48,8.37,0.1,1.16,3.02,3.32,3.53,2.04,1.77,0.0,-0.35,4.69,3.1,4.6,4.21,3.72,14.82,7.37,5.45,0.0,3.59,0.08,2.18,4.49,5.16,5.98,5.18,3.96,3.81,6.15,5.68,3.44,4.72,5.47,5.23,6.01,4.7,5.64,6.72,19.59,7.09,-0.41,-2.61,8.34
2016-05-01,-9.4,2.5,2.12,-0.16,3.55,-11.07,2.95,2.98,3.14,3.98,3.5,2.74,10.17,-5.2,5.42,8.91,6.45,11.75,6.99,6.91,6.58,8.62,4.89,9.54,17.54,9.32,9.04,3.38,3.4,2.81,4.52,6.42,9.91,7.87,-31.5,3.12,3.27,6.41,3.15,-0.7,4.52,7.64,9.15,-14.16,9.01,10.5,-4.13,17.36,5.33,18.89,2.13,-13.11,-5.95,4.45,-1.29,7.1,5.21,-7.26,9.11,7.21,10.42,-2.76,-4.25,0.08,2.5,36.89,-20.53,10.86,18.39,28.57,-3.67,8.78,9.98,6.32,7.83,8.31,32.27,11.21,16.95,7.09,20.0,21.4,11.53,10.65,6.17,150.0,49.13,27.95,24.33,9.26,16.92,49.6,10.69,22.49,13.26,15.85,22.03,13.39,1.29,16.22,6.43,4.17,9.4,4.93,-2.31,5.11,6.54,3.85,9.0,5.9,18.69,14.95,7.53,7.04,4.54,2.69,6.01,5.84,5.74,6.33,4.31,3.94,3.74,2.23,6.79,4.44,5.24,6.91,5.42,9.91,5.87,9.27,8.08,6.97,6.72,7.08,8.0,4.35,10.42,4.35,10.21,9.86,13.28,5.1,4.61,6.23,5.19,3.09,6.1,3.55,5.52,3.87,6.03,7.33,5.66,4.5,0.34,5.15,5.25,4.7,8.28,4.2,7.57,7.99,9.48,3.96,4.72,5.17,5.19,3.36,5.36,6.87,5.22,3.1,2.86,-2.2,1.15,1.49,-5.82,-2.05,4.33,4.64,2.82,10.28,11.66,5.15,2.6,6.14,0.85,12.7,2.33,4.41,3.78,3.93,2.7,5.67,6.93,1.13,-0.67,-0.73,1.48,34.53,2.73,1.16,1.53,-0.18,0.09,13.12,3.96,14.39,5.47,5.47,10.19,2.94,3.01,3.4,3.14,6.14,3.12,7.39,3.99,4.06,4.1,6.44,10.11,4.04,2.54,4.75,6.41,6.12,4.1,2.07,6.32,8.2,4.28,1.35,4.69,3.17,7.46,4.85,3.25,3.28,2.9,4.5,-6.47,-4.18,3.21,1.44,1.47,2.53,4.04,4.59,7.23,5.76,-14.9,14.2,8.37,0.0,1.06,3.19,2.68,3.78,1.85,2.23,0.0,-0.53,4.42,5.64,4.66,4.27,3.09,17.64,7.09,5.34,0.0,4.38,0.0,1.22,4.39,4.89,6.29,5.24,2.46,3.71,6.2,5.65,3.09,4.88,4.67,5.12,9.87,5.55,6.66,3.74,17.28,8.31,2.57,-3.23,8.66
2016-06-01,-18.34,3.68,2.7,2.45,4.03,-11.81,3.5,3.7,3.13,3.38,3.08,2.02,0.34,-3.03,5.38,9.31,7.51,7.83,4.68,6.15,5.53,7.47,4.03,5.27,13.03,8.36,5.51,3.51,2.73,2.82,4.1,5.03,7.39,9.24,-28.56,2.62,3.42,6.89,2.84,1.3,9.09,7.34,5.21,-13.78,5.53,10.06,-4.13,15.35,13.35,18.57,1.52,-2.83,-2.88,14.31,0.08,5.5,3.9,-8.08,10.09,8.54,10.67,-3.13,-4.85,-0.15,0.97,40.17,-28.93,12.92,10.58,31.59,-4.76,7.95,51.59,9.97,9.93,17.04,31.05,13.99,13.93,10.91,17.57,21.51,12.93,9.8,6.11,150.0,39.7,27.33,23.96,7.06,13.18,43.67,10.65,18.36,11.54,15.59,22.22,11.68,1.19,19.43,8.06,6.08,9.33,4.82,-2.22,4.64,4.51,1.62,8.0,5.65,18.42,14.09,7.56,5.64,4.04,2.24,6.13,5.63,5.54,5.08,4.74,3.5,2.89,2.48,6.46,4.69,5.21,5.6,5.79,10.57,5.41,8.36,8.73,6.0,6.77,7.54,6.96,3.86,11.81,5.86,5.06,8.36,12.87,5.08,4.9,6.03,4.92,1.44,5.82,3.53,5.15,4.52,6.32,5.12,4.53,1.46,7.22,4.8,5.58,3.85,8.73,4.01,6.65,7.62,8.91,3.95,4.78,4.99,4.83,2.67,5.48,6.76,5.11,3.34,2.94,-1.64,1.15,1.48,-0.6,-1.8,3.06,4.78,2.32,10.16,8.83,5.38,2.76,5.93,1.02,10.3,7.12,4.65,3.76,3.59,4.12,5.79,5.31,1.92,-2.39,-0.73,0.87,34.57,2.12,0.53,0.71,0.8,-0.89,8.97,4.1,13.26,4.2,5.11,10.67,8.84,2.9,2.87,2.32,5.56,3.02,6.68,4.75,3.52,3.73,4.81,9.81,3.86,1.44,4.2,6.1,5.74,3.25,1.81,5.52,8.18,4.08,2.78,4.49,3.07,5.99,4.57,3.59,3.36,2.71,4.74,-5.59,0.51,2.78,0.17,1.76,3.08,3.77,3.33,7.78,5.02,-1.41,13.48,4.49,0.29,0.96,3.1,1.86,1.64,1.58,2.41,0.0,0.18,2.31,5.22,4.39,3.85,3.18,13.51,6.84,4.77,0.0,3.75,-0.08,0.26,3.66,4.27,5.87,5.03,2.6,3.34,5.41,5.2,2.9,4.4,4.39,4.83,7.05,3.27,5.29,0.57,19.97,9.03,3.82,-2.97,8.31
2016-07-01,-18.6,4.55,4.0,3.21,4.42,-11.5,4.38,4.92,3.76,4.31,3.47,2.1,4.74,-0.45,6.48,12.75,7.92,15.42,4.82,5.01,5.5,7.48,3.0,7.53,11.44,6.4,9.34,4.05,3.3,3.21,4.4,5.2,7.33,10.46,-25.09,4.17,4.23,6.94,3.39,6.46,8.0,9.48,7.57,-12.81,4.85,10.83,-4.13,8.11,10.26,11.92,15.25,3.9,-11.97,32.3,2.85,4.29,4.84,-8.59,9.3,8.38,10.92,0.0,-3.59,0.31,1.05,47.11,-34.05,8.98,12.52,31.54,-3.39,8.11,32.0,16.18,15.61,25.1,36.49,20.05,3.62,16.97,18.97,16.77,14.93,11.39,5.49,150.0,36.97,36.51,32.72,7.94,13.33,41.35,10.0,14.36,14.48,23.16,30.55,11.87,0.89,25.48,10.82,7.36,8.25,4.89,2.14,5.03,4.65,0.84,8.6,6.53,18.95,16.46,8.17,7.53,4.02,1.93,6.18,5.75,5.91,5.13,4.28,4.0,2.05,2.39,6.61,4.68,5.37,5.89,5.06,8.44,4.81,10.08,8.16,6.59,4.64,7.89,6.5,3.52,12.51,5.28,5.88,7.19,10.96,4.96,5.28,6.34,5.3,3.37,5.72,3.86,5.38,4.34,6.54,4.49,5.17,1.21,12.22,5.18,5.82,3.59,7.82,4.32,5.63,7.88,8.64,4.01,4.59,4.64,4.89,3.1,5.35,6.1,4.83,3.08,2.59,-1.64,1.15,1.74,1.72,-0.39,3.68,4.92,1.65,10.03,7.29,4.17,3.18,6.0,1.02,9.57,3.73,4.55,3.66,3.92,1.84,4.94,10.23,1.4,-0.42,0.49,1.22,34.15,2.38,0.98,0.62,0.8,-1.06,3.35,4.17,13.76,5.36,5.16,9.78,9.41,3.08,3.78,2.84,4.77,2.38,5.72,3.03,3.93,3.63,5.49,12.28,3.93,2.8,4.18,6.33,5.71,3.08,2.07,5.84,7.87,3.98,2.78,4.23,3.16,6.59,4.54,3.58,3.44,2.79,4.2,-6.45,4.39,2.86,2.09,1.31,3.07,4.08,3.18,6.99,4.67,-8.47,10.16,4.49,0.39,1.16,3.37,1.41,2.25,2.2,2.24,0.0,0.09,3.54,5.38,4.21,3.99,3.34,14.55,6.67,5.38,0.0,4.88,2.55,1.3,3.63,4.17,5.63,5.0,1.17,3.34,5.47,5.35,2.48,4.65,4.37,4.65,3.99,0.5,5.32,-0.24,12.15,15.52,16.0,1.0,7.72
2016-08-01,-16.61,4.93,4.71,2.53,5.81,-11.5,4.92,5.31,4.14,4.99,3.93,2.1,13.38,1.69,4.97,12.24,7.13,12.55,5.34,5.63,5.18,7.08,2.68,6.51,9.64,5.83,9.58,4.44,3.21,2.47,4.63,5.84,6.92,11.18,-23.66,4.36,4.47,6.67,3.77,10.66,3.98,1.58,10.76,-14.13,3.45,9.62,-4.13,2.38,6.6,11.17,-7.64,18.28,-8.21,32.3,6.6,13.11,8.87,-10.93,8.59,7.9,12.88,-1.73,-3.8,0.46,1.42,51.57,-59.27,9.06,10.77,34.35,-2.33,5.73,7.29,9.92,7.57,14.76,35.71,11.68,-6.19,10.46,18.05,9.64,19.04,8.31,4.72,150.0,22.35,39.92,37.99,5.02,11.11,34.83,13.23,13.06,14.49,24.21,37.5,13.34,1.28,28.98,13.84,9.2,6.68,4.87,1.95,4.76,5.67,-0.38,8.21,5.96,18.82,17.84,7.38,7.41,4.17,2.0,6.15,5.39,6.42,5.1,3.75,4.24,1.63,0.34,6.68,4.31,5.09,5.85,5.04,7.08,4.2,8.35,4.96,6.03,4.77,9.17,6.37,4.12,10.18,8.25,5.23,6.95,10.42,5.01,4.62,6.15,5.42,3.86,5.85,4.1,5.43,4.65,6.6,4.8,5.79,3.36,12.57,5.24,5.95,3.41,8.53,4.39,5.32,8.62,8.59,4.0,4.4,4.27,4.54,3.68,5.31,5.93,4.73,3.56,3.17,-3.31,1.53,2.0,3.44,0.24,5.35,4.49,3.95,9.14,5.99,4.58,2.83,4.02,-0.08,6.59,-1.57,4.85,4.48,4.57,2.06,5.0,6.34,0.87,-0.42,0.24,1.39,26.05,2.28,2.95,0.89,2.8,-0.89,6.3,4.16,15.09,6.76,5.61,8.95,9.49,2.89,4.81,4.03,5.02,2.36,5.71,1.99,3.5,3.28,5.39,10.81,3.41,2.34,4.43,6.06,5.66,3.41,3.27,6.63,7.23,3.88,2.53,3.57,2.54,6.23,4.44,2.22,3.25,2.7,4.1,-5.3,8.88,2.76,1.57,1.16,3.38,3.51,3.23,5.6,5.51,-10.74,10.16,4.49,0.39,1.25,2.73,1.76,2.08,2.46,2.04,0.0,-0.09,3.26,5.8,4.28,3.98,3.33,14.88,6.06,5.18,0.0,3.04,2.2,1.04,3.62,3.74,5.52,6.27,1.0,3.33,5.45,5.4,2.3,4.36,4.09,4.46,3.39,0.82,5.44,-1.76,12.23,18.77,21.92,5.35,8.07
2016-09-01,-16.91,5.39,4.85,2.84,6.11,-12.44,4.91,5.53,4.77,4.89,5.57,2.27,33.51,3.11,6.23,11.38,6.07,9.73,6.18,4.41,4.94,6.3,2.67,6.18,13.81,6.17,9.94,4.34,2.87,2.62,3.91,4.91,5.52,11.46,-17.82,4.15,4.79,6.55,3.86,12.59,1.55,-2.38,14.56,-14.62,4.4,9.85,-4.13,11.82,9.71,13.57,-2.7,27.9,-16.96,32.3,14.08,13.87,8.33,-12.93,7.25,7.88,15.23,-0.92,-4.63,0.31,0.67,52.0,-66.98,3.56,5.28,34.66,-3.08,4.46,-3.95,6.93,3.73,2.62,8.22,8.07,-1.93,3.2,8.42,9.72,22.12,4.95,3.95,150.0,7.17,39.56,38.18,0.97,8.56,25.42,12.88,14.58,12.33,23.39,40.38,12.04,1.47,29.82,15.64,6.79,5.28,4.84,2.13,4.41,5.6,-1.32,7.97,5.41,16.49,17.56,7.33,7.92,4.47,2.43,6.51,5.35,6.39,5.54,2.97,4.39,2.04,-0.08,6.48,4.22,4.99,6.21,4.26,9.92,3.79,7.99,5.16,6.23,4.37,9.19,6.15,4.48,11.58,9.42,4.79,7.32,10.47,5.08,5.0,6.04,5.56,2.96,5.43,4.08,5.41,4.55,6.47,5.04,6.01,3.27,12.45,5.13,5.68,2.49,6.06,4.84,7.16,7.84,7.74,3.9,4.14,4.75,4.61,3.5,5.19,5.6,4.63,4.13,3.33,-3.61,2.19,1.83,8.13,2.47,6.22,5.51,5.9,8.39,5.8,4.72,2.65,3.12,-0.76,5.15,5.7,5.0,4.55,5.3,2.69,5.47,8.33,1.14,1.36,0.08,1.3,14.75,2.36,4.38,0.98,2.8,0.09,6.45,4.24,15.18,5.63,5.7,7.19,5.9,3.5,3.78,4.49,4.76,2.04,6.05,3.92,3.06,3.19,5.19,9.03,2.97,2.98,3.44,4.56,5.55,3.72,3.44,6.65,7.01,3.96,6.06,3.63,2.45,6.85,4.25,2.57,3.14,3.04,3.99,1.98,14.85,2.41,0.17,1.23,2.89,2.68,3.65,3.61,4.95,1.51,8.88,4.49,1.57,1.06,2.1,2.29,2.61,2.99,2.5,0.0,0.09,2.9,5.8,4.18,3.97,2.43,10.54,6.43,4.26,0.0,3.82,1.01,1.21,3.26,3.48,5.26,6.33,1.42,3.47,5.34,5.29,2.21,4.34,4.34,4.52,5.04,1.31,4.6,-1.05,14.15,16.95,22.13,5.69,7.6
2016-10-01,-12.51,5.05,5.41,3.51,5.68,-10.7,5.12,6.12,4.92,5.31,6.41,2.53,37.57,7.19,7.23,9.06,5.0,9.49,7.14,4.64,4.4,6.93,3.13,8.19,11.4,5.78,9.5,4.42,3.21,2.46,3.9,3.7,3.67,10.53,-14.06,3.84,4.66,7.32,3.85,10.17,7.28,6.21,15.39,-15.16,3.22,7.68,2.55,15.45,8.72,12.6,16.86,8.13,-12.3,32.3,9.65,8.99,7.99,-13.98,5.13,6.09,17.03,0.25,-5.82,-0.08,0.22,42.62,-62.53,2.46,-3.95,34.48,-3.01,5.87,-14.11,9.39,14.07,5.07,1.4,8.75,3.97,2.09,5.07,8.87,15.09,4.71,3.35,0.0,-11.09,43.24,41.45,-6.27,4.6,11.43,13.38,13.52,9.63,28.02,44.73,11.27,2.36,26.88,15.53,6.94,3.9,4.9,2.47,3.8,5.65,-2.25,7.77,5.85,14.29,18.38,6.98,7.04,4.77,2.57,6.77,5.8,6.35,6.08,3.82,4.04,1.47,-0.51,6.54,4.38,5.15,6.01,4.97,11.23,4.45,6.31,7.07,7.44,3.25,9.51,5.71,5.86,10.74,9.91,5.95,6.11,10.55,5.85,5.04,6.09,5.63,4.6,5.87,3.73,5.62,5.18,5.73,4.77,5.18,3.6,8.59,5.42,5.65,3.46,7.17,4.75,5.9,8.2,8.2,4.22,4.37,4.82,4.59,3.74,5.16,5.13,4.25,4.12,3.15,-2.15,2.85,2.35,9.03,1.11,7.51,4.93,8.12,6.95,4.43,5.06,2.39,2.23,0.25,1.2,5.83,4.66,5.12,5.38,2.84,4.88,5.52,-0.09,1.87,-0.16,1.3,18.81,2.19,3.94,1.16,2.89,0.54,11.14,3.9,12.92,5.67,3.6,6.68,9.44,3.22,3.69,4.39,4.65,2.36,5.86,2.85,2.97,3.35,4.91,9.8,2.96,3.24,2.37,4.84,6.01,3.89,3.0,6.55,7.35,3.95,7.74,4.25,2.71,7.4,4.23,2.3,3.41,3.29,4.16,4.5,15.95,2.07,5.07,1.97,3.35,3.57,4.75,3.72,4.61,5.59,10.85,4.49,1.87,1.15,2.19,2.99,2.52,2.88,1.65,0.0,0.53,3.15,5.8,4.4,4.03,2.95,11.27,6.91,4.43,0.0,2.66,-1.15,7.73,3.51,3.55,5.49,5.98,0.83,4.3,5.55,5.35,2.63,4.69,4.15,4.43,7.88,-2.45,4.19,2.75,13.06,13.47,15.63,5.98,7.61
2016-11-01,-12.71,4.73,4.98,2.85,5.46,-10.18,6.88,6.16,5.04,5.29,6.07,2.61,28.51,7.45,6.34,8.63,4.44,12.87,8.59,4.47,3.71,6.69,2.8,8.38,9.55,4.79,8.55,4.57,2.78,2.05,3.74,3.84,1.02,9.32,-9.99,2.78,5.19,8.41,4.1,8.75,12.38,12.89,10.17,-14.84,1.47,6.97,8.35,24.33,11.61,15.05,19.69,7.78,5.89,32.3,9.36,7.93,8.2,-15.83,4.81,6.08,19.55,-0.06,-7.21,-0.31,0.0,25.81,-54.88,-0.73,-11.27,29.4,-4.79,4.45,-43.71,0.67,9.63,3.02,-0.22,1.05,6.01,-0.36,-1.22,-1.93,4.46,0.97,3.82,0.0,-16.18,49.09,44.84,-11.22,1.41,1.55,10.63,12.66,7.21,28.87,50.43,9.23,2.86,25.52,14.71,7.99,3.29,5.05,2.2,3.37,5.37,-3.4,7.2,4.33,12.43,17.25,6.06,6.07,4.83,1.68,6.42,5.93,5.93,5.32,3.56,3.61,0.97,-0.34,6.27,4.29,4.39,5.69,4.46,12.5,4.35,9.05,6.47,6.74,2.5,8.65,5.58,5.29,2.55,9.29,3.24,4.9,6.79,5.03,4.39,5.31,5.22,5.95,5.14,3.31,5.35,5.08,5.7,4.84,4.68,3.59,3.04,5.16,5.22,2.79,6.8,4.5,6.52,8.28,7.85,3.71,4.02,4.03,4.26,3.47,5.06,5.03,4.07,3.79,3.14,-0.56,3.8,3.48,8.74,0.56,7.22,4.28,7.34,10.08,1.17,6.83,2.64,3.6,-1.18,3.5,5.77,4.08,4.21,4.93,2.58,5.01,8.06,-0.44,1.78,-0.16,1.12,21.51,2.1,3.29,1.43,1.88,2.42,9.13,3.47,2.66,5.05,4.0,7.3,9.52,3.13,5.29,4.83,4.13,3.74,5.85,1.24,2.63,3.26,4.55,9.08,2.54,2.87,2.37,4.82,6.24,3.55,3.8,6.78,7.08,3.67,6.22,3.44,3.05,7.98,4.05,2.49,3.41,3.02,4.15,6.28,16.06,1.82,4.98,1.66,2.79,3.48,5.43,1.21,5.08,12.82,6.77,6.66,1.67,1.25,2.09,2.46,3.82,3.14,1.09,0.0,0.53,3.29,3.8,4.23,4.25,2.23,11.28,6.72,4.14,0.0,1.97,0.84,12.35,3.59,3.53,5.55,5.89,0.92,4.7,5.6,5.32,2.53,4.49,3.78,4.49,8.35,-2.68,4.18,2.75,14.74,16.61,18.95,4.75,7.02
2016-12-01,-9.09,4.5,5.08,3.75,6.14,-8.12,8.17,7.74,6.29,4.66,7.63,2.96,47.01,9.76,8.39,9.0,4.67,12.85,13.91,4.6,3.77,6.73,3.49,4.66,8.29,4.86,6.49,4.4,3.19,1.89,3.65,3.36,0.59,9.37,-2.77,3.05,5.83,10.11,4.82,8.19,12.38,9.42,1.67,-13.97,1.78,4.86,-0.44,29.08,10.6,10.3,11.24,9.82,0.7,32.3,13.25,8.48,7.28,-16.15,5.09,4.47,20.61,0.31,-6.02,-0.38,0.89,3.04,-43.67,-6.32,-18.19,7.4,-9.96,-2.27,-44.0,-17.34,-7.47,-10.27,-6.26,-6.12,-1.36,-3.46,-17.5,-8.97,-1.42,-3.62,3.82,0.0,-19.14,50.62,47.23,-12.77,0.74,-4.64,7.18,12.84,7.89,30.17,51.8,8.35,6.9,23.48,14.7,8.89,1.05,5.12,2.82,3.94,6.29,-4.0,7.07,3.89,11.58,15.23,5.88,5.26,4.11,1.23,6.16,5.83,6.14,5.69,3.03,3.68,1.14,-0.17,6.24,4.62,4.29,5.66,5.06,14.1,4.33,10.57,5.84,6.52,2.64,9.2,6.03,4.89,1.8,10.24,2.1,5.24,5.93,5.65,4.45,5.28,4.43,5.23,5.13,3.31,5.35,5.39,5.9,5.0,5.3,4.03,1.76,5.16,5.36,2.78,6.97,4.48,8.3,7.64,7.96,4.03,3.84,5.09,4.16,3.63,5.0,5.3,3.32,3.69,3.28,0.73,9.02,3.83,9.84,1.44,6.39,5.51,6.76,11.49,3.2,5.86,2.72,4.63,0.6,5.83,12.57,4.15,4.95,5.14,-0.81,5.47,2.3,1.85,1.61,-0.65,1.56,22.09,2.61,3.27,2.06,1.88,2.85,8.83,4.34,1.06,4.04,4.42,7.44,8.88,2.77,5.7,4.98,3.77,3.81,5.9,2.48,3.37,3.17,4.87,7.64,2.53,2.06,2.28,4.65,6.45,4.02,5.09,5.85,6.61,3.49,8.31,3.67,2.16,8.38,4.21,2.04,3.31,3.02,3.22,8.57,17.16,1.9,4.26,1.66,2.55,3.14,4.43,1.19,5.08,14.14,6.24,5.43,1.96,1.06,1.92,2.19,3.53,3.58,0.45,0.0,0.53,2.86,3.97,4.13,4.31,2.32,12.04,6.19,3.95,0.0,1.79,0.67,11.87,3.66,3.61,5.87,6.12,0.83,4.94,5.67,5.38,2.45,4.39,3.87,4.06,8.21,-0.33,4.34,2.75,14.56,10.98,15.72,2.48,6.99
2017-01-01,-3.72,4.16,4.84,3.48,5.31,-7.67,8.37,8.44,6.76,4.21,7.52,2.43,46.79,10.95,8.85,8.84,5.12,9.1,17.81,3.83,3.59,6.92,4.32,1.53,9.23,2.88,2.64,4.23,3.0,1.8,2.87,3.69,0.0,7.39,7.43,3.61,6.37,11.59,5.44,9.19,-8.21,4.91,-2.37,-9.09,3.93,5.28,-3.37,24.76,8.03,7.62,23.62,-6.82,-1.78,32.3,16.14,12.5,4.62,-15.95,4.0,3.89,21.62,5.13,-3.52,-0.77,1.34,-5.68,-36.21,-5.47,-27.15,6.92,-11.74,-4.45,-45.43,-18.01,-17.24,-17.09,-11.01,-3.98,2.63,-6.54,-32.94,-9.9,-6.89,-5.82,3.75,0.0,-24.53,42.02,41.62,-15.3,-2.75,-12.11,2.51,9.8,6.54,28.63,46.46,7.26,6.8,20.78,13.69,5.55,0.42,4.92,3.35,4.17,6.43,-5.09,6.38,4.08,8.92,13.17,5.24,4.41,3.93,1.87,5.84,5.81,6.04,6.45,2.59,2.93,0.89,-0.17,5.73,4.44,4.02,6.11,5.3,11.71,4.31,9.38,4.72,7.04,2.07,9.83,5.6,4.95,5.61,6.11,5.05,3.56,5.09,5.38,4.6,5.24,3.86,3.48,4.57,3.15,5.0,5.21,5.55,5.29,4.98,3.77,1.59,4.68,5.16,1.66,6.09,4.15,7.08,7.2,7.48,3.85,3.92,4.56,4.63,2.79,5.04,4.76,3.31,3.75,3.2,0.0,11.9,3.91,20.16,2.19,5.02,4.64,6.9,12.36,2.21,5.55,2.88,4.48,1.11,2.15,16.06,4.06,5.16,4.46,-1.32,5.63,6.86,0.26,2.64,-0.41,1.29,23.22,2.18,2.2,1.61,1.88,2.76,17.52,4.49,1.06,4.84,4.63,5.53,8.88,2.51,4.47,5.58,3.04,3.3,5.32,5.4,3.2,3.5,4.34,5.94,2.7,1.51,2.62,5.05,5.94,3.77,3.74,5.75,6.4,3.39,8.12,3.82,1.73,7.27,4.03,3.45,3.12,3.1,3.21,14.41,25.25,1.98,4.26,1.66,2.32,2.76,3.74,4.86,5.07,19.83,9.04,2.07,2.06,0.67,2.19,1.75,2.4,3.49,1.37,0.0,0.53,2.6,6.67,3.95,4.61,2.75,6.14,5.47,3.87,0.0,2.75,0.67,6.43,3.66,3.68,6.19,5.93,2.24,5.09,5.08,5.27,2.28,4.29,3.86,3.8,7.21,-1.37,4.73,2.82,14.59,10.09,17.6,-0.94,7.1
2017-02-01,-2.92,4.55,4.77,3.15,6.17,-6.63,8.09,8.5,7.22,3.95,6.94,1.9,37.54,12.9,8.12,8.84,4.41,4.6,18.08,3.6,3.59,6.83,4.06,3.84,8.95,2.21,0.47,4.3,2.99,1.8,2.94,2.87,0.34,5.93,21.96,3.99,8.18,10.22,6.47,12.64,-6.37,7.14,-3.84,0.36,4.39,6.43,-1.05,14.48,7.15,14.0,0.64,-2.86,-6.87,32.3,17.66,12.96,7.17,-13.45,5.3,4.78,22.79,9.59,-0.13,0.16,0.96,-9.18,-27.31,-0.89,-15.39,11.82,-10.07,-0.55,-22.23,-7.33,-11.26,-12.37,-10.97,6.09,3.62,-1.91,-19.4,1.16,-7.06,-1.87,4.08,0.0,-26.08,34.32,34.32,-16.18,-4.36,-15.88,1.81,4.49,5.92,24.74,38.11,6.0,7.4,20.6,14.06,4.49,2.25,5.32,3.08,3.67,6.44,-4.41,4.5,3.5,5.64,10.04,4.98,4.1,3.61,1.72,5.75,5.71,5.41,6.74,3.19,3.0,1.05,-0.17,5.28,4.17,4.09,5.6,5.21,11.72,4.39,9.11,4.29,6.51,2.86,9.87,5.41,5.78,8.03,6.43,9.42,3.21,4.91,5.29,4.43,4.67,3.69,4.2,4.09,3.22,4.58,4.71,5.44,4.71,4.97,3.62,2.11,4.28,4.66,2.46,5.62,3.91,5.63,6.14,7.15,3.51,3.67,4.14,3.97,2.46,5.0,4.39,1.95,3.51,3.29,4.92,12.5,3.9,22.11,0.88,4.22,3.9,4.87,9.19,-0.29,5.61,3.2,4.4,0.94,-1.2,12.68,3.81,5.6,4.36,-0.74,5.54,6.34,0.09,2.56,-0.57,1.73,19.03,2.43,2.11,1.52,9.49,3.68,17.97,4.47,0.65,5.09,3.99,4.92,8.96,2.24,3.88,7.37,3.11,3.38,4.51,6.49,3.52,3.15,3.66,4.88,2.44,1.78,2.35,4.8,5.78,3.68,3.74,5.48,6.24,3.04,7.86,3.04,1.46,7.46,3.6,3.08,2.84,3.62,2.53,15.86,27.79,2.23,4.52,1.73,2.39,2.19,4.21,7.08,4.9,36.73,9.04,2.07,1.86,0.67,0.43,1.92,2.74,3.4,1.09,0.0,0.62,1.91,6.03,3.86,4.52,2.57,3.63,4.78,3.76,0.0,1.78,-1.01,6.84,3.48,3.51,6.02,5.59,2.67,4.74,4.97,5.09,2.03,4.1,3.5,3.87,6.89,-0.48,4.56,2.06,9.58,5.7,15.72,0.19,6.7
2017-03-01,-0.6,4.93,4.78,3.81,7.97,-9.16,7.62,7.38,6.49,3.45,7.4,2.16,37.21,16.49,7.87,5.75,4.61,5.64,19.64,3.29,4.16,6.74,3.85,2.34,7.57,1.84,3.21,4.76,3.41,2.52,3.23,2.16,0.25,5.93,26.97,3.14,8.65,10.33,6.37,15.79,-1.48,3.53,-3.8,4.29,5.09,6.55,-1.05,3.33,7.13,13.35,-6.47,-12.14,-5.23,32.3,16.3,10.99,7.21,-12.59,2.95,4.93,23.33,9.32,1.65,-0.08,0.59,-20.62,-19.5,-2.25,-8.69,10.58,-9.85,-0.84,-2.14,-5.48,-10.14,-7.84,-18.05,6.43,-1.97,-3.09,-21.37,6.86,-8.69,-0.58,4.4,0.0,-29.15,22.94,25.46,-17.76,-5.79,-18.82,0.15,3.51,5.18,22.96,30.15,4.74,7.5,18.61,13.81,5.45,2.04,5.65,2.82,3.91,6.53,-3.72,4.0,3.24,2.75,8.99,4.33,3.19,3.91,2.67,6.15,6.01,5.69,6.25,2.34,3.24,1.12,-0.08,5.18,3.66,3.75,5.59,5.61,13.04,4.52,6.6,5.25,5.27,3.77,9.43,5.82,5.22,8.15,8.8,8.25,2.41,4.96,5.44,4.73,4.5,3.84,4.46,4.15,3.21,4.49,5.02,6.1,5.42,4.96,4.61,1.77,4.1,4.47,2.53,5.21,4.05,9.22,6.7,6.84,3.83,3.66,3.4,3.72,2.78,5.14,4.01,1.94,3.5,3.63,12.3,14.9,3.98,19.27,2.25,4.6,4.21,5.16,9.74,0.72,5.19,3.44,5.2,2.43,-3.71,6.12,3.64,6.34,4.6,0.82,5.34,5.68,0.62,2.73,-0.73,1.29,18.39,2.51,0.79,1.16,9.49,4.14,8.28,4.77,1.4,4.14,0.39,5.32,9.6,2.5,3.69,6.28,4.16,3.78,4.65,7.19,3.99,2.89,3.82,3.87,2.19,1.6,2.26,4.62,4.82,3.36,3.74,4.67,6.62,3.03,7.66,4.85,1.64,6.86,4.17,2.28,3.01,3.69,2.61,19.37,23.71,2.47,5.76,1.96,2.55,2.42,3.83,6.83,5.3,29.71,7.49,2.07,1.66,0.67,0.43,1.57,2.82,3.3,1.92,0.0,0.62,1.65,5.13,4.17,4.9,2.31,1.93,4.46,3.75,0.0,2.29,0.08,11.69,3.56,3.49,6.33,4.85,1.99,5.23,5.03,5.23,2.19,4.25,3.82,3.61,13.13,-1.05,4.41,1.22,10.04,3.0,12.7,-1.94,6.53
2017-04-01,-0.48,5.3,4.44,3.64,8.59,-9.16,5.87,7.06,6.48,3.12,7.79,2.68,37.31,20.66,7.69,3.67,2.88,4.76,21.3,3.0,4.07,7.26,3.69,-0.39,6.84,1.33,3.36,4.81,2.98,2.12,3.29,2.69,-0.51,4.03,37.28,1.93,8.91,10.64,5.32,14.97,0.63,-0.84,-6.03,7.29,4.04,8.22,-1.05,-10.13,6.9,-12.96,-11.88,19.82,9.08,32.3,11.65,-2.35,3.36,-8.46,2.76,4.14,23.28,6.47,3.13,-0.08,1.04,-26.73,-14.03,-2.82,1.64,3.61,-9.68,-3.39,-4.92,-4.36,-12.16,-5.39,-19.03,1.15,-5.17,-5.03,-16.58,5.92,-6.9,0.0,2.82,0.0,-33.49,15.84,18.37,-18.1,-8.29,-21.38,-1.06,3.28,4.79,20.64,23.4,3.98,10.27,11.83,11.65,5.07,1.54,5.63,2.55,3.81,6.52,-4.58,2.68,2.84,-1.14,7.33,4.03,2.59,3.83,3.04,5.91,5.84,5.45,5.69,1.66,3.07,1.04,0.0,4.48,3.39,3.49,5.13,5.75,12.04,3.77,5.59,6.45,5.12,4.41,9.2,5.07,5.07,9.51,12.01,9.04,1.98,5.16,5.86,4.87,5.11,3.91,4.89,4.28,3.12,4.71,4.6,6.14,5.47,4.86,5.04,2.03,4.16,4.38,2.28,5.51,4.41,10.75,6.45,6.79,3.82,3.65,3.8,4.02,2.77,4.95,3.79,1.67,3.09,3.2,15.43,15.06,4.32,13.57,2.57,5.61,4.89,5.67,4.19,2.04,5.15,2.95,5.56,6.97,-4.77,11.89,3.7,4.92,4.83,1.35,4.62,5.12,-0.52,2.72,-0.73,0.86,17.51,2.33,0.35,1.24,12.53,4.42,7.43,5.32,1.07,3.81,0.47,5.3,9.14,2.67,5.01,7.47,3.82,3.37,4.71,5.03,3.83,2.8,4.14,3.89,2.6,1.77,2.09,4.5,4.64,3.25,3.74,4.64,6.65,3.02,7.57,4.9,1.55,6.85,3.99,1.84,2.92,3.86,2.77,10.49,16.47,2.3,5.44,1.3,2.24,2.02,4.26,4.9,5.35,23.95,10.9,6.77,1.66,0.38,0.52,1.48,2.56,3.21,2.93,0.0,0.97,1.83,4.16,4.24,4.5,2.56,1.4,4.08,3.31,0.0,0.93,0.33,19.76,3.89,3.25,5.8,5.55,1.99,5.62,4.78,5.22,2.27,4.25,2.8,3.61,8.3,-1.6,4.32,1.39,1.93,1.73,10.0,1.3,6.43
2017-05-01,6.79,5.04,3.76,3.06,9.04,0.68,4.8,6.33,6.24,3.19,7.53,2.15,34.31,19.65,8.36,2.99,1.31,4.55,20.54,2.83,4.12,6.72,2.29,-0.38,1.03,1.32,0.72,4.63,3.13,2.35,3.28,2.44,-1.11,2.49,41.43,1.1,9.25,10.45,4.84,10.85,-2.16,-0.86,2.91,10.34,5.16,0.26,-1.05,-14.38,0.08,-17.42,-8.06,32.75,-0.22,8.76,6.1,-11.2,-1.08,-7.28,3.51,4.34,22.0,6.19,4.1,-0.15,1.48,-32.63,-12.42,-3.83,6.2,-3.36,-12.3,-3.19,-31.6,-4.64,-6.65,-5.33,-24.77,-4.42,-7.57,-5.24,-12.36,-1.35,-11.07,-1.27,1.91,0.0,-36.91,9.24,10.97,-19.15,-10.44,-25.59,-5.71,1.24,2.34,17.51,16.89,1.07,11.75,9.89,10.16,4.17,2.44,5.27,2.28,3.64,6.47,-4.22,1.04,1.22,-4.17,5.13,4.69,3.18,3.82,3.49,5.6,5.44,5.2,5.29,1.24,2.82,1.2,-1.09,3.46,2.54,3.16,5.71,6.41,12.27,3.43,5.55,5.65,4.27,4.46,9.67,4.98,5.37,7.36,9.78,2.13,3.43,5.19,5.84,4.86,4.87,3.29,3.62,3.88,3.03,4.69,4.58,6.05,5.44,4.52,3.83,2.2,4.23,4.21,3.46,3.04,4.41,9.78,6.27,6.41,3.73,3.4,4.2,4.16,2.76,4.93,3.56,1.05,2.93,3.11,11.43,18.51,4.66,8.06,1.69,4.3,4.28,3.39,-0.84,1.45,5.38,2.94,2.78,4.05,-4.4,8.88,4.0,5.07,4.57,1.2,5.06,1.21,1.03,2.2,-0.57,0.69,15.05,2.57,3.18,1.68,12.53,3.29,11.14,5.14,0.57,2.68,4.95,4.66,9.14,2.66,5.67,5.33,3.81,2.56,4.31,3.76,3.41,2.62,3.55,4.39,2.27,2.04,2.77,4.73,5.69,2.68,3.21,4.63,6.36,3.01,7.74,4.25,1.62,6.37,3.9,1.92,3.27,3.5,2.68,8.68,10.78,2.3,7.51,1.16,2.39,1.86,3.95,3.81,4.54,33.16,23.4,7.88,1.56,0.1,-0.09,1.22,1.86,3.47,2.63,0.0,0.97,2.16,1.35,4.07,4.02,3.0,-0.58,4.42,3.72,0.0,0.67,0.83,12.35,3.88,3.16,5.46,4.98,2.31,5.77,4.75,5.19,2.76,4.48,3.31,3.51,2.13,-1.99,3.9,1.72,2.43,-1.89,1.06,0.84,5.8
2017-06-01,7.06,4.45,4.07,2.79,9.76,0.0,4.0,4.89,5.98,3.11,7.27,2.23,34.4,16.93,9.1,1.76,1.16,9.07,21.4,2.68,4.54,8.17,3.65,2.24,2.42,3.1,-0.16,4.14,3.78,3.06,3.94,1.52,-1.36,-0.63,44.77,0.73,9.61,10.17,4.19,8.06,0.86,0.24,11.0,13.05,7.92,-0.06,-1.05,-13.11,-5.79,-9.69,0.97,17.48,1.01,7.15,1.98,-7.49,-0.38,-5.97,2.14,2.06,19.82,5.18,3.36,0.39,3.19,-35.08,-10.29,-3.77,12.99,-13.12,-14.92,-3.65,-40.78,-5.43,-8.98,-10.99,-17.72,-5.79,-7.72,-6.82,-12.78,-6.11,-12.41,-2.4,1.74,0.0,-38.65,2.58,4.59,-20.04,-12.85,-28.43,-7.84,-0.46,1.16,13.26,10.21,-0.28,7.35,8.96,8.49,3.07,4.02,5.51,1.48,2.9,6.55,-4.73,0.4,-0.13,-7.43,4.32,4.14,2.19,3.81,4.45,5.43,4.95,4.73,5.28,1.56,2.82,1.53,-2.0,2.96,2.69,2.91,4.93,5.7,5.82,3.5,3.2,5.96,4.04,4.37,8.95,5.36,5.65,4.17,8.23,4.28,1.98,5.31,5.89,4.22,4.62,3.05,5.37,3.71,2.62,4.52,4.17,5.87,5.48,4.33,2.31,-1.73,3.99,4.35,2.84,5.56,4.01,9.95,5.68,6.15,3.56,3.3,4.59,3.68,3.01,4.88,3.27,0.87,2.52,3.26,6.59,19.83,4.3,1.6,1.44,3.42,3.74,4.7,3.96,1.16,5.18,2.44,1.99,3.79,-6.64,-2.02,3.52,4.57,4.41,0.52,5.02,-3.31,0.77,2.37,-0.98,1.38,17.96,2.66,3.89,1.15,11.44,3.6,17.53,5.33,2.97,2.74,4.7,2.36,3.58,2.31,5.41,4.62,2.99,2.16,4.15,2.19,3.32,2.37,3.7,4.71,1.78,1.59,2.43,4.31,5.35,2.92,3.21,5.15,6.2,2.5,6.23,3.92,1.45,6.43,3.88,1.73,3.17,3.4,2.1,3.28,3.03,2.21,8.34,0.58,2.22,1.62,4.24,6.2,4.04,13.38,17.4,11.7,1.95,0.0,0.09,1.39,2.72,3.46,1.99,0.0,1.15,3.26,1.35,3.82,3.85,2.99,1.09,4.98,3.54,0.0,0.84,0.83,12.45,3.61,3.07,4.63,4.79,1.72,5.42,4.74,5.34,2.26,4.38,3.13,3.26,4.19,0.32,3.94,0.49,1.75,-1.2,0.53,0.28,6.07
2017-07-01,7.06,4.43,3.06,2.79,9.86,-0.68,3.13,3.61,4.85,3.18,7.09,2.58,12.39,13.07,9.54,0.62,0.14,3.37,21.89,2.46,3.94,8.3,5.09,0.96,7.38,3.59,-2.04,3.82,4.48,2.41,4.07,1.75,-2.61,-2.3,47.22,0.09,10.31,10.26,3.99,5.19,-0.6,1.93,4.76,18.44,8.6,3.64,-1.05,-7.23,-5.5,1.82,-5.13,0.35,11.19,-10.63,-0.73,-3.05,-0.08,-5.32,-0.83,1.05,18.26,1.01,3.19,-0.15,3.63,-37.97,-9.99,3.5,12.38,-18.46,-13.96,-0.94,49.79,0.12,-4.08,-13.97,-9.69,2.34,-3.58,-4.44,-8.86,0.68,-14.14,1.82,2.76,0.0,-40.03,-7.28,-4.54,-21.16,-15.58,-31.3,-9.44,-2.01,-1.13,4.0,0.19,-1.12,7.66,8.39,8.08,3.31,3.53,5.23,2.01,2.4,6.33,-4.85,-0.08,-1.77,-9.34,4.02,3.45,0.87,3.72,4.37,5.68,5.06,4.55,5.55,1.73,2.96,1.93,-2.0,2.94,2.84,2.98,5.78,6.22,0.64,3.97,2.46,4.81,4.44,5.14,9.65,7.44,5.91,-0.35,9.5,7.1,3.49,6.73,6.31,4.12,4.52,3.11,4.19,4.07,2.77,4.65,4.39,6.21,5.2,4.23,2.23,-1.31,3.97,4.8,2.99,5.83,4.37,9.78,5.43,6.81,3.54,3.53,5.07,3.51,2.68,5.16,2.91,0.87,2.36,3.59,6.41,31.16,4.2,0.3,0.16,4.76,2.76,3.89,4.75,2.85,6.12,1.86,2.3,3.7,-5.82,-0.94,3.74,4.71,4.56,3.39,5.16,-3.57,0.43,2.19,-0.98,2.15,15.07,2.99,3.52,1.86,11.44,3.31,11.86,4.93,3.13,3.39,4.42,2.35,3.58,2.47,5.42,4.27,3.14,9.08,3.76,4.57,3.3,2.77,3.93,3.8,1.93,1.05,2.17,4.37,5.78,4.25,3.21,5.21,6.24,3.16,6.64,4.21,1.62,6.6,3.62,1.73,2.54,3.48,2.1,2.48,1.26,1.8,8.6,0.86,1.83,1.15,5.06,9.47,4.09,34.63,17.4,7.88,2.05,0.1,0.09,1.83,2.54,3.53,3.01,0.0,1.23,3.34,1.2,4.04,3.76,2.38,0.56,6.39,3.35,0.0,-0.33,0.25,15.54,3.51,3.06,4.88,5.07,4.31,5.81,4.96,5.39,2.66,4.36,3.53,3.57,5.64,0.9,3.67,0.16,7.52,-4.97,-8.13,-3.78,6.61
2017-08-01,5.26,4.18,2.17,3.58,9.08,-0.14,2.73,2.98,4.28,3.25,6.81,2.83,18.95,13.11,10.52,0.75,0.93,-0.86,21.42,2.59,3.59,7.87,5.44,0.38,6.25,3.63,-1.75,3.58,4.15,2.87,4.2,2.12,-3.36,-5.03,46.29,-0.18,10.89,11.3,3.72,5.92,11.13,8.32,0.58,22.39,10.31,7.12,-1.05,-0.8,-0.27,12.56,3.31,-16.66,1.51,-10.63,0.88,-7.17,1.72,-2.71,-2.07,1.6,16.02,5.3,3.02,0.23,3.98,-38.41,49.04,2.04,9.85,-25.52,-10.22,1.68,93.21,11.28,2.96,-4.63,-9.77,12.86,10.91,1.46,-6.33,13.02,-13.43,7.05,3.64,0.0,-38.07,-11.81,-9.71,-19.4,-16.79,-30.45,-11.82,-4.49,-1.9,0.82,-6.0,-2.06,9.55,7.19,6.66,2.78,-1.95,5.46,2.0,2.71,5.61,-4.86,0.39,-1.71,-10.24,4.97,3.14,1.01,3.56,3.78,5.93,5.26,4.36,5.29,1.31,2.47,2.89,-0.25,3.01,2.92,2.89,7.07,5.96,4.22,4.11,3.82,6.37,4.62,4.97,10.22,7.76,6.08,3.43,6.15,11.57,5.68,7.2,6.34,5.09,4.82,3.31,4.49,4.57,3.15,4.77,4.44,6.7,5.03,3.97,1.51,-2.63,4.47,4.77,4.08,4.7,4.95,11.15,5.04,6.5,4.0,3.83,4.48,3.96,2.74,5.83,2.9,0.87,1.25,3.23,6.93,31.8,4.87,7.58,-0.16,5.38,3.41,4.75,5.45,2.03,6.57,2.59,3.71,5.08,-4.6,7.22,3.64,3.9,4.14,3.81,4.69,-2.77,0.78,2.26,0.9,2.66,21.71,3.39,1.39,1.68,15.83,4.92,7.08,5.6,1.71,2.96,5.15,3.73,3.5,2.47,5.23,3.21,3.92,8.15,4.27,6.35,4.02,3.01,3.83,5.28,2.41,1.32,2.0,5.18,5.51,4.95,1.67,5.0,6.37,3.57,6.98,4.82,2.22,6.91,4.01,2.61,2.45,3.9,2.57,10.4,8.68,1.95,12.87,0.93,1.6,1.77,5.09,9.69,3.75,39.51,17.4,7.88,2.14,1.62,0.77,0.78,3.9,3.77,3.0,0.0,1.77,2.24,1.13,4.57,3.9,2.29,-2.58,6.77,3.34,0.0,2.53,0.25,20.77,3.66,3.29,4.86,4.08,7.93,6.11,5.47,5.43,2.97,4.35,3.36,3.48,4.13,0.33,3.79,0.97,7.29,-5.27,-10.12,-3.54,6.57
2017-09-01,5.53,4.15,2.62,2.84,8.94,-0.14,2.26,3.11,3.72,3.08,5.27,2.82,10.64,11.92,8.96,0.89,0.64,0.2,24.22,2.72,3.58,7.9,5.42,1.81,5.54,2.8,-0.23,3.87,4.7,2.79,4.8,2.71,-2.95,-7.2,48.41,-0.45,11.39,11.54,4.16,5.73,-0.58,10.23,2.9,28.88,10.72,4.45,-1.05,-3.69,-3.01,0.28,11.61,-19.74,5.71,-10.63,0.09,-2.98,-1.34,3.28,-1.04,3.48,14.29,1.99,4.13,0.38,5.15,-38.15,57.44,6.59,7.2,-29.44,-8.66,4.53,53.14,9.62,8.52,9.97,2.11,9.31,2.71,7.5,1.44,9.0,-17.63,10.61,4.98,0.0,-34.24,-12.87,-11.04,-17.18,-16.91,-28.37,-11.13,-8.63,-0.5,-1.42,-8.98,-2.07,12.29,6.63,5.39,2.61,3.07,5.59,2.0,2.87,3.94,-5.36,-0.31,-2.15,-10.55,5.73,3.2,0.36,3.84,3.31,5.77,4.86,4.34,5.25,1.81,1.98,2.64,0.0,3.4,2.91,3.2,6.57,5.63,5.48,4.58,2.7,3.72,4.4,4.12,10.78,9.26,5.89,3.23,5.18,11.55,5.0,7.54,6.99,4.84,5.02,3.29,4.35,5.22,3.14,5.13,4.65,6.51,5.32,3.81,1.51,-3.04,4.44,4.68,4.0,5.12,4.54,8.42,4.6,6.65,3.99,3.74,4.3,4.1,2.74,6.27,3.1,0.95,0.7,2.74,11.91,33.58,5.47,8.94,-1.17,4.15,3.31,3.37,-2.84,2.24,5.99,2.67,4.35,6.24,-5.37,9.04,3.85,3.81,3.72,5.31,4.43,-1.29,0.26,2.93,0.65,1.88,35.24,3.05,1.28,2.65,15.83,4.18,5.04,7.21,1.21,2.86,5.23,3.73,3.5,1.95,6.72,2.03,4.86,8.39,3.85,7.07,4.25,2.85,3.74,6.04,2.48,1.14,2.33,5.12,5.19,4.76,1.5,4.35,5.81,3.81,3.57,4.64,2.47,5.59,3.51,2.33,2.61,3.88,2.16,9.81,8.99,1.79,15.79,0.36,1.44,2.38,4.31,9.77,4.27,10.01,17.07,7.88,1.35,1.62,0.43,0.26,4.24,4.01,2.71,0.0,1.85,1.99,1.43,4.55,3.81,2.63,-1.54,6.81,3.92,0.0,2.68,0.83,16.62,3.57,3.2,4.93,1.73,7.07,5.99,5.37,5.41,3.37,4.08,3.43,3.07,6.42,1.38,4.32,0.97,5.54,-3.43,-7.87,0.27,6.37
2017-10-01,5.4,4.51,2.68,4.34,8.93,0.54,1.72,2.1,3.86,3.23,3.97,2.64,-9.96,8.72,7.75,0.55,1.51,1.2,23.27,2.43,3.79,6.87,5.17,2.29,4.2,2.59,0.77,4.3,5.18,3.72,4.79,4.26,-2.78,-7.47,52.22,-0.9,11.13,10.82,3.97,5.69,-5.16,0.73,-0.63,33.24,10.32,5.71,10.53,-0.22,-2.72,-0.73,2.25,-19.13,1.16,-10.63,0.87,-7.8,-6.61,8.29,-1.92,4.34,12.19,1.61,5.39,1.31,5.68,-37.23,81.25,10.17,16.34,-31.84,-4.99,6.58,49.74,12.65,7.28,21.84,13.12,4.7,5.38,7.92,0.05,10.71,-14.1,12.4,5.77,0.0,-33.58,-20.02,-16.94,-14.94,-17.35,-27.26,-12.94,-10.1,-0.71,-5.81,-14.74,-4.21,16.01,6.53,5.68,3.25,5.01,4.99,1.38,3.27,3.83,-5.43,0.08,-3.14,-10.81,8.41,3.48,0.79,3.75,3.22,5.73,4.67,3.96,4.86,0.74,1.66,3.13,0.43,3.3,2.82,3.5,5.82,5.34,4.57,4.26,5.08,2.86,4.22,5.17,10.2,9.67,4.39,0.2,4.58,9.11,6.23,8.51,6.78,4.65,5.29,3.94,4.39,5.11,3.6,5.09,4.39,6.72,5.07,4.18,2.84,-2.47,4.63,5.05,3.81,2.83,4.83,7.24,4.51,6.32,3.82,3.64,4.29,4.46,2.72,7.01,3.09,1.04,1.01,3.06,15.38,34.84,5.44,5.09,0.39,4.9,3.16,2.55,-1.91,2.95,6.22,2.33,5.05,4.89,-8.09,6.11,4.31,4.1,4.1,6.56,6.08,-1.08,0.78,3.0,2.2,2.05,28.34,2.8,1.64,2.47,17.66,4.45,0.97,7.5,1.62,3.0,5.82,3.65,0.15,1.94,7.45,2.91,4.44,8.22,4.43,9.44,3.93,3.0,4.36,1.93,2.63,0.52,4.05,4.62,5.15,5.77,1.5,4.88,5.15,3.8,4.22,4.0,2.04,5.67,3.66,2.34,2.69,3.44,2.24,5.15,4.53,1.71,9.58,0.43,1.13,2.22,3.89,9.41,4.19,-0.65,16.67,7.88,0.96,0.95,0.17,-0.68,5.6,4.25,3.07,0.0,1.85,6.52,1.13,4.37,3.72,2.11,1.44,6.25,3.82,0.0,2.84,1.0,9.76,3.47,3.04,4.83,1.81,7.62,5.63,4.95,5.23,3.52,4.06,3.49,3.53,5.48,4.43,4.4,0.65,5.6,-1.26,-5.53,3.28,6.25
2017-11-01,5.4,5.03,2.76,6.4,7.96,0.81,-0.37,1.64,3.3,3.38,4.84,2.54,-3.33,6.72,8.28,-0.77,0.0,0.26,20.23,2.64,4.13,7.12,5.29,1.26,4.65,3.66,8.26,4.22,5.42,3.4,5.37,3.62,-3.1,-5.89,56.56,-1.08,10.33,9.74,4.55,6.22,-8.52,1.48,3.34,40.54,11.35,6.38,5.92,-1.88,-1.81,-5.62,7.56,-13.56,-0.49,-10.63,-2.14,1.03,-5.7,13.73,-0.83,5.52,10.11,2.38,6.24,2.01,5.81,-31.58,129.95,20.54,41.77,-34.51,-4.14,11.46,118.69,28.05,20.48,35.29,19.27,14.18,12.51,13.78,-5.77,21.03,-9.15,17.98,5.49,0.0,-32.51,-25.22,-21.88,-13.94,-17.28,-26.28,-12.65,-11.73,-0.28,-8.24,-20.7,-4.36,43.62,6.25,5.4,4.91,4.71,4.89,0.86,3.5,3.66,-5.31,-0.47,-3.71,-11.06,12.51,3.83,1.0,3.66,4.23,5.83,4.65,4.02,5.19,1.06,1.98,3.94,0.0,3.54,2.91,4.21,6.4,6.48,5.45,4.48,5.0,1.98,4.08,5.72,10.91,11.45,5.31,4.9,4.39,7.43,7.65,10.72,6.92,5.02,6.23,4.45,3.41,5.76,4.23,5.53,4.68,6.9,5.59,4.47,5.7,-0.82,4.55,5.42,5.66,3.55,5.12,6.98,5.42,6.62,4.36,4.25,4.81,4.76,2.55,7.69,2.73,1.39,1.79,2.72,22.49,33.79,4.03,4.9,1.58,6.59,5.13,4.74,-1.53,5.01,5.77,3.22,1.47,6.82,-9.06,7.92,5.06,5.26,4.93,6.87,5.74,-0.36,1.76,4.25,2.2,2.91,26.55,2.88,1.89,2.47,17.66,3.42,2.9,7.55,1.22,1.89,4.65,3.37,0.08,2.61,6.85,8.32,6.06,8.21,4.5,10.75,4.48,4.37,4.75,5.06,3.27,1.83,4.3,4.3,4.77,6.07,2.08,4.78,7.05,4.28,4.45,4.31,2.28,7.19,3.9,2.86,2.77,4.02,2.55,4.98,3.62,1.54,10.6,1.56,0.98,2.83,5.08,11.22,4.54,-8.05,21.12,7.64,1.06,0.86,-0.17,0.17,3.43,4.15,3.43,1.63,1.94,5.23,4.79,4.67,3.71,3.11,0.36,7.27,3.65,0.0,3.44,1.0,1.84,3.38,3.65,4.89,3.01,6.79,4.89,4.85,5.59,4.22,4.13,3.81,3.83,5.14,3.34,4.32,0.65,4.74,-1.74,-4.17,1.45,6.56
2017-12-01,0.96,5.34,2.53,5.49,6.16,-0.53,-2.01,-0.37,1.85,2.97,3.54,2.45,-15.73,5.78,6.22,-1.99,-0.79,0.13,11.47,1.99,4.4,8.06,5.65,3.1,7.46,3.87,9.26,4.37,5.08,3.63,5.36,4.16,-2.84,-5.3,61.09,-0.45,9.35,8.11,3.91,7.1,-8.52,5.87,11.55,41.35,11.35,12.25,6.76,1.8,2.1,1.34,5.64,-7.55,14.66,-10.63,-5.47,-1.5,-1.75,12.68,-2.27,6.24,8.54,3.25,5.09,0.85,4.7,-11.81,159.18,20.84,51.05,-37.68,-3.46,12.23,90.49,28.12,32.68,44.49,22.87,16.42,23.15,18.67,12.46,20.8,-5.24,18.2,6.11,0.0,-30.51,-28.27,-24.5,-13.76,-17.8,-25.89,-11.12,-12.71,-1.9,-10.75,-23.49,-3.16,38.19,4.75,5.19,4.96,4.29,4.79,0.26,2.84,3.79,-6.4,-1.55,-4.68,-11.66,21.68,2.88,1.0,3.87,4.81,5.4,4.57,3.29,4.6,2.12,1.34,4.1,-0.08,3.61,2.65,3.65,6.81,5.94,4.23,4.54,2.48,2.98,4.54,5.29,10.73,11.49,5.81,8.42,0.93,12.37,8.42,10.64,6.52,4.71,6.19,4.75,3.24,5.31,3.99,5.37,4.74,6.5,5.95,4.37,5.93,1.32,4.33,4.32,4.79,3.8,5.25,5.27,6.22,5.87,4.42,4.24,3.54,5.05,1.83,8.58,2.58,1.91,2.09,2.54,20.8,28.92,4.28,4.67,2.36,7.57,5.08,3.05,-1.59,5.56,5.08,2.73,0.53,6.48,-6.72,6.83,4.74,5.94,4.27,7.61,4.89,2.62,0.09,7.4,2.71,2.04,24.62,2.62,0.6,2.29,17.66,2.68,-0.33,8.25,0.73,1.59,5.83,3.02,0.46,3.03,9.12,6.75,5.72,8.71,4.1,8.48,3.98,5.1,3.86,4.11,3.11,3.42,4.05,4.0,4.46,6.11,0.82,4.85,7.52,4.44,3.72,4.36,3.04,6.59,3.64,4.25,3.03,4.77,2.64,3.59,3.76,1.38,11.63,1.56,0.9,2.51,4.88,6.55,4.4,-13.98,27.25,7.64,0.96,1.34,0.6,0.0,2.91,4.81,3.44,1.63,1.67,6.37,9.05,4.65,3.32,3.1,1.64,8.18,3.8,0.0,-0.92,2.16,1.84,3.21,3.4,4.73,2.02,7.58,4.39,4.84,5.26,4.46,3.96,4.13,3.9,4.88,1.81,4.16,0.32,10.91,2.58,-1.29,4.56,6.94
2018-01-01,1.21,5.03,3.08,4.93,6.38,-0.53,-2.22,-0.95,1.69,2.33,4.04,2.96,-15.68,6.8,5.42,-2.44,-1.15,0.26,5.69,2.41,4.3,7.31,5.16,4.3,7.47,3.78,8.86,4.28,5.04,3.39,5.22,3.48,-3.08,-4.38,57.57,-0.63,8.46,6.18,3.1,6.08,14.67,4.62,11.94,40.36,10.74,11.61,12.41,5.35,4.55,6.05,-2.59,-16.21,0.98,-10.63,-9.48,-3.86,-1.01,15.9,-2.69,7.63,7.04,3.17,3.19,0.93,5.22,-2.6,153.34,16.62,47.78,-41.93,-2.56,12.7,51.45,28.16,45.25,42.8,20.68,8.43,18.13,19.58,38.25,14.6,-1.61,16.72,6.36,0.0,-24.67,-25.55,-22.6,-11.26,-16.87,-23.02,-7.99,-13.14,-2.96,-11.28,-22.2,-2.83,38.32,0.87,3.5,4.61,4.76,4.61,-0.26,2.04,4.32,-6.01,-1.33,-5.84,-10.3,25.41,3.1,1.65,4.07,3.68,5.52,4.26,3.06,3.71,2.37,1.42,3.44,-0.17,4.24,2.73,3.71,5.4,6.68,2.21,4.28,2.33,5.23,4.82,5.38,11.19,11.79,6.21,4.36,1.94,11.16,9.18,8.94,6.35,4.92,6.15,4.59,5.5,5.24,4.07,5.44,4.5,6.39,5.54,4.96,6.35,4.29,4.55,3.85,4.82,5.01,5.17,5.56,6.59,5.85,4.25,4.23,3.37,4.65,2.88,8.66,2.71,1.73,2.77,3.26,19.73,26.72,4.43,5.06,4.37,8.0,4.21,2.41,-3.22,6.2,4.34,2.16,4.59,5.67,-3.2,2.25,4.43,5.74,4.5,8.04,5.33,0.21,1.56,6.97,2.62,1.79,16.84,3.2,1.55,2.29,17.66,4.08,0.53,7.92,0.73,0.94,5.29,4.41,0.46,2.61,11.34,5.04,6.29,8.67,4.24,9.04,3.26,3.95,4.01,5.87,3.18,2.98,3.78,4.21,5.03,8.66,1.23,5.37,6.16,4.51,3.64,4.5,4.0,6.58,3.8,2.65,3.11,4.77,2.23,1.48,3.84,1.37,11.87,1.71,2.8,2.91,4.6,2.0,4.24,-18.52,22.37,7.64,0.96,1.53,0.34,0.0,4.26,5.4,4.23,1.63,1.58,6.94,8.48,4.71,3.23,3.85,5.72,8.5,4.63,0.0,-0.42,6.49,7.33,3.61,3.09,4.87,1.79,6.0,4.14,4.91,5.31,4.29,4.03,4.28,3.82,4.56,1.97,3.46,-0.08,9.89,3.56,-1.81,6.52,6.76
2018-02-01,0.84,4.79,3.47,5.48,5.66,-0.92,-2.64,-1.38,1.02,2.1,4.04,3.22,-10.15,3.24,3.98,-2.5,-1.14,0.13,2.57,1.99,4.43,7.1,4.77,1.65,7.01,3.07,8.51,3.68,4.87,3.46,4.77,4.38,-2.6,-4.06,45.16,-0.62,6.82,5.57,2.4,4.97,21.83,10.03,15.74,34.54,10.96,8.82,-2.65,10.14,6.99,7.43,0.83,1.08,0.48,-10.63,-10.44,-2.39,-0.92,16.19,-3.43,7.23,5.91,0.54,2.34,1.24,5.06,1.14,112.39,10.47,22.82,-41.26,-1.95,10.99,14.02,17.4,29.1,30.16,21.65,3.12,28.36,15.24,23.0,4.88,-3.67,13.13,6.59,0.0,-20.27,-21.77,-19.16,-9.96,-16.39,-21.53,-6.53,-10.37,-4.03,-9.92,-18.71,-2.79,38.97,-2.56,1.46,4.21,3.72,4.18,0.68,1.97,3.93,-5.97,-0.94,-6.07,-8.74,28.95,2.3,1.07,3.7,3.17,5.5,3.75,3.5,3.05,2.77,0.87,2.87,-0.08,3.99,2.64,2.54,5.02,6.0,1.35,5.19,1.2,5.48,5.01,4.51,11.35,10.88,6.25,4.5,0.28,8.03,8.87,9.02,6.63,5.12,6.21,4.36,5.55,5.53,3.59,5.27,5.1,6.36,5.24,4.73,6.68,6.28,4.54,4.22,4.34,4.59,5.53,5.12,6.99,5.96,4.16,4.62,2.9,4.42,3.36,8.68,3.32,2.08,3.31,3.58,15.89,27.48,4.5,6.04,4.51,7.2,3.39,4.96,0.82,5.27,4.56,1.67,4.6,5.57,0.97,0.55,4.12,4.78,4.18,9.29,5.4,-0.14,3.16,7.48,2.79,1.62,10.13,3.11,0.95,2.37,9.48,4.33,0.72,9.39,1.3,0.94,4.54,4.76,0.38,2.45,12.07,4.26,5.96,8.43,4.32,6.64,2.76,3.7,3.92,5.52,2.3,2.71,3.45,4.06,5.1,12.28,2.05,5.49,7.03,4.59,3.72,5.75,3.73,6.61,3.79,1.88,3.11,4.57,2.79,2.44,5.26,1.13,14.56,1.7,4.52,2.91,4.61,1.07,4.02,-22.35,22.37,7.64,0.96,1.24,0.6,-0.34,4.16,5.31,4.06,1.63,1.76,7.17,7.76,4.55,3.08,3.85,5.84,9.41,4.2,0.0,-0.92,8.29,7.13,3.53,3.01,4.86,1.64,4.79,3.51,4.06,5.3,4.13,3.52,3.86,3.42,3.93,1.46,3.31,-0.08,8.88,3.3,-4.53,5.45,6.74
2018-03-01,0.48,4.63,4.25,5.55,4.27,1.34,-2.22,-0.88,1.47,1.71,3.59,3.46,-10.0,0.21,4.14,-0.48,-1.7,-0.59,2.94,2.69,4.34,7.87,6.7,0.95,11.69,3.27,7.54,3.59,5.1,3.45,4.15,5.44,-1.69,-3.7,40.41,0.81,6.04,5.34,3.17,3.59,20.3,10.16,17.11,32.41,10.56,8.92,-2.65,18.85,6.73,3.59,3.1,-5.06,1.65,-10.63,-7.38,0.66,2.45,19.19,-2.01,8.2,5.49,1.5,2.73,1.78,6.1,16.33,66.83,11.32,9.81,-35.13,-1.37,9.31,-6.55,8.99,13.77,16.25,21.47,2.2,26.13,12.69,12.74,-3.35,6.43,11.23,6.25,0.0,-13.86,-15.84,-14.29,-7.25,-14.95,-19.33,-5.51,-9.22,-3.57,-8.85,-15.34,-1.41,38.66,-4.07,0.97,4.36,3.03,3.93,1.28,1.72,3.85,-5.31,-0.78,-6.21,-6.89,32.49,3.15,1.94,3.55,3.02,5.19,4.23,3.26,3.61,2.78,0.94,2.78,-0.25,4.53,3.13,3.23,5.44,6.66,4.06,5.39,3.17,8.62,6.31,3.43,11.98,10.76,6.59,2.19,4.11,12.78,8.08,8.78,6.9,5.24,6.14,4.72,4.87,5.5,3.42,5.26,5.08,6.03,4.92,4.58,6.38,5.62,4.3,3.38,4.63,3.86,5.14,1.5,7.41,5.95,3.99,4.99,4.06,4.63,3.18,8.63,3.72,1.81,4.38,3.66,8.55,25.35,4.83,6.13,2.44,4.92,3.61,7.55,0.74,5.3,4.86,1.27,5.55,6.36,0.8,4.68,4.41,4.17,4.1,9.71,5.74,-8.9,1.57,7.3,2.96,1.79,5.5,3.18,3.83,2.37,9.48,4.75,1.05,10.9,1.22,0.94,3.89,4.51,0.38,2.35,13.46,4.49,5.68,7.44,4.3,7.02,1.96,3.21,3.84,6.59,2.54,2.27,3.03,4.12,5.47,14.54,2.46,6.98,7.5,4.57,3.48,4.4,4.07,7.22,3.61,2.75,2.84,4.39,2.31,2.04,5.08,0.88,6.71,1.92,7.16,2.98,5.75,0.35,4.23,-22.69,22.37,7.64,1.15,1.05,1.12,-0.26,4.16,5.81,3.05,1.63,1.67,6.59,7.84,4.61,2.92,2.84,6.27,9.3,4.44,0.0,0.0,9.07,2.52,3.84,2.92,5.14,2.46,7.32,3.26,3.96,5.5,4.44,3.34,3.04,3.57,4.36,2.11,3.69,-1.21,8.42,4.42,-4.05,7.73,7.2
2018-04-01,0.48,4.37,5.02,4.92,4.46,1.34,-0.66,-0.95,1.03,1.55,3.79,3.71,-10.27,-3.33,3.38,0.07,-0.22,-0.06,0.23,3.62,4.46,7.21,7.76,1.42,9.72,4.02,6.19,3.28,5.71,3.31,4.06,4.2,-0.68,-3.88,36.73,1.89,5.04,5.39,3.51,1.7,5.52,0.35,13.99,29.99,11.29,10.51,-2.65,23.97,5.76,32.19,9.18,-12.69,-4.75,-10.63,-3.32,12.55,5.65,17.71,-3.76,9.2,5.33,2.35,2.13,-1.54,6.69,30.65,32.8,6.1,-8.75,-29.21,1.0,9.88,-12.01,6.49,5.45,5.1,10.99,0.43,12.21,8.33,4.34,-6.38,14.22,5.59,7.22,0.0,-11.53,-15.1,-13.68,-7.39,-14.24,-19.04,-3.43,-9.46,-2.86,-8.45,-13.9,-1.7,33.84,-6.6,-0.64,4.26,2.54,4.0,1.71,2.27,3.14,-3.8,0.32,-6.73,-2.96,32.27,3.58,2.96,3.84,3.52,5.65,5.09,3.68,4.46,2.61,1.18,3.09,-0.42,5.06,3.2,3.14,7.04,6.78,4.98,5.76,3.4,8.32,6.56,3.34,11.7,11.05,7.67,1.22,2.28,14.78,6.7,7.26,6.91,5.58,5.66,5.35,6.01,5.62,3.95,5.31,5.37,6.62,5.34,5.23,5.94,5.96,4.64,3.82,4.23,3.29,4.8,0.88,8.19,6.23,4.29,5.05,4.12,4.84,2.61,8.75,4.66,2.07,5.31,3.34,4.16,25.6,5.22,13.29,2.58,3.17,4.52,8.7,2.71,5.7,4.68,1.59,5.72,2.12,2.18,4.18,4.54,3.93,3.7,8.75,5.38,-8.4,3.66,7.52,2.63,1.87,4.54,3.74,4.09,2.28,6.52,3.46,-0.72,10.91,1.22,2.11,4.34,5.58,0.92,2.85,13.84,3.67,6.14,7.89,4.72,6.6,2.83,3.52,4.44,5.39,2.85,1.91,3.52,4.09,6.76,15.05,2.46,7.77,7.38,4.96,3.48,4.23,3.98,8.15,3.84,2.84,2.92,4.54,2.14,7.98,12.3,0.96,8.41,2.64,8.15,3.21,5.5,2.76,5.0,-16.35,10.65,2.91,0.77,0.76,0.95,-0.43,4.66,6.65,2.4,2.09,1.4,6.76,7.84,4.97,3.28,3.25,5.53,10.72,4.76,0.0,1.92,9.05,-6.83,4.14,3.3,5.77,3.26,7.46,3.16,4.11,5.86,4.68,3.83,3.37,3.64,4.86,1.95,3.92,-2.18,8.42,5.51,-3.54,5.66,7.83
2018-05-01,0.96,4.36,5.93,5.55,3.43,1.21,0.37,-0.66,0.66,1.16,3.93,3.62,-15.93,-4.39,0.89,-1.24,-0.22,1.56,-0.73,3.88,3.95,7.12,7.09,1.92,18.7,3.49,5.78,3.12,4.82,3.28,4.33,4.4,-0.26,-4.05,35.3,2.81,4.2,5.46,3.25,3.31,17.04,3.93,17.54,29.03,10.81,18.38,-2.65,25.28,11.92,30.38,14.94,-26.44,7.52,17.04,4.52,26.24,10.8,22.38,-4.9,9.78,4.8,3.77,1.42,-0.92,6.33,50.67,22.84,3.0,-17.0,-27.78,15.81,9.8,-6.21,4.03,0.36,-0.45,2.35,-2.35,5.81,4.45,2.85,-7.53,11.77,3.23,7.73,0.0,-9.93,-15.08,-14.21,-6.4,-14.18,-18.33,-1.78,-11.06,-3.65,-8.25,-13.38,-2.27,35.41,-11.1,-2.46,2.4,0.95,4.3,2.06,2.42,1.4,-3.74,1.19,-7.09,-0.29,31.0,2.56,2.51,3.68,3.44,5.77,5.37,3.6,4.74,2.94,1.25,2.69,-0.76,5.52,3.59,2.91,7.89,6.91,0.58,5.74,3.31,6.25,7.09,3.25,11.13,11.19,7.64,3.25,2.07,23.94,6.36,8.07,7.03,6.45,6.1,5.72,7.98,6.03,3.79,5.44,5.5,6.54,5.6,5.49,6.3,1.16,4.98,4.19,3.73,4.83,5.53,3.85,8.42,6.53,4.51,5.35,4.34,4.89,2.93,8.72,4.79,2.07,6.23,3.09,6.98,23.98,4.79,16.86,4.67,3.53,5.26,10.69,1.62,6.15,4.58,1.99,6.0,3.08,6.7,5.84,4.66,4.14,3.85,9.65,5.11,-8.66,3.23,7.69,2.21,3.06,1.69,4.13,3.08,1.74,11.77,4.48,9.62,11.4,1.3,3.87,4.64,5.46,0.92,2.76,12.75,7.06,5.96,7.49,5.22,6.45,3.3,3.67,4.98,1.62,3.25,2.17,2.94,4.66,6.82,15.34,2.46,7.01,7.34,5.44,3.32,4.67,2.77,8.39,3.83,3.09,2.65,4.79,1.74,10.31,16.49,1.52,6.68,2.78,8.35,3.35,6.83,3.03,5.5,-16.67,-1.18,1.85,0.77,0.0,1.46,-0.34,6.06,6.62,2.39,2.63,1.4,6.66,8.16,5.33,3.43,3.41,6.6,9.96,4.65,0.0,2.42,8.6,4.35,4.45,3.52,6.05,3.63,7.03,3.15,4.01,5.76,4.5,3.32,3.76,3.32,6.56,1.63,4.21,-2.09,8.66,7.92,0.78,8.1,7.93
2018-06-01,5.88,3.9,6.74,5.05,1.91,2.3,0.74,-0.15,0.88,1.24,3.99,3.28,-12.72,-4.47,-0.95,-0.62,-0.22,0.38,-0.74,3.74,3.66,5.49,5.4,-0.44,20.28,2.74,5.85,3.04,4.42,3.42,3.36,5.76,0.34,-3.62,33.21,3.45,2.87,5.03,4.02,1.46,5.77,8.41,9.85,25.96,9.71,14.1,-2.65,24.55,14.64,13.21,17.39,-14.49,8.39,-3.06,8.57,22.06,9.45,24.07,-5.91,10.56,5.3,6.22,3.25,-0.23,5.1,51.38,26.68,5.91,-17.81,-26.53,17.47,8.78,-6.07,0.56,-0.51,-3.4,-2.75,-2.99,10.43,7.09,3.63,-4.42,5.53,2.88,7.36,0.0,-8.34,-14.87,-15.07,-5.9,-13.78,-18.19,-0.08,-10.41,-4.15,-8.96,-12.82,-2.34,41.42,-9.9,-2.45,4.35,-1.53,4.05,2.75,3.21,1.4,-3.36,1.27,-7.4,2.03,32.32,2.7,2.51,3.67,2.23,5.35,5.08,3.53,4.8,2.03,1.41,2.53,-0.26,5.43,3.17,3.28,9.05,6.36,6.39,6.91,3.93,5.28,7.12,2.97,10.38,10.9,6.62,4.07,1.18,21.5,7.9,7.7,6.56,6.65,6.09,6.14,6.37,6.16,3.79,5.27,5.48,6.59,5.2,5.61,7.1,1.59,5.05,3.95,4.76,3.56,5.6,4.52,8.82,6.5,4.74,5.1,5.15,5.55,3.08,8.69,5.12,2.07,7.07,3.08,14.02,26.24,5.11,20.33,4.09,4.05,5.99,10.05,-3.74,6.23,4.26,2.7,6.54,4.3,7.27,11.2,5.25,4.44,3.77,9.96,5.36,-2.9,2.13,8.18,2.8,3.23,-5.58,4.53,3.15,2.71,7.56,5.9,5.45,10.78,-0.16,3.84,5.1,12.13,0.92,2.68,13.06,8.19,5.12,7.62,5.29,8.24,3.53,4.07,4.74,1.69,3.57,2.44,4.34,4.79,6.72,16.62,2.46,6.36,7.26,5.7,3.86,4.88,3.19,8.36,3.82,2.13,2.81,4.61,1.74,13.1,20.08,1.52,6.31,3.29,8.85,3.8,6.32,0.07,6.03,-6.64,4.52,-1.64,0.48,0.29,1.46,-0.68,6.36,6.95,3.19,4.63,1.22,7.13,8.16,5.41,3.93,3.24,9.05,10.3,5.29,0.0,2.33,8.6,-5.19,4.6,3.52,6.31,3.39,7.08,3.15,4.01,5.74,4.73,2.99,3.99,2.85,6.47,1.37,4.46,1.13,8.25,6.77,1.7,8.51,8.09
2018-07-01,0.96,3.88,7.16,5.35,2.24,6.68,1.55,0.67,1.54,0.85,4.27,3.18,0.82,-4.97,-1.02,-1.23,-0.29,5.82,-0.84,4.23,3.79,5.62,4.7,-0.58,17.94,2.94,7.41,2.89,2.22,3.03,2.7,5.68,1.04,-3.71,31.64,3.91,1.27,4.79,3.75,-1.32,10.77,5.61,6.08,24.38,8.64,6.18,-2.65,18.0,8.6,-2.81,22.64,-1.46,-24.39,0.69,8.36,12.52,6.43,25.21,-4.56,13.14,5.15,8.33,3.41,0.46,4.72,53.57,40.59,3.89,-15.85,-24.69,15.83,6.19,-50.26,-4.88,-2.57,-1.89,-6.66,-4.87,10.6,5.13,-1.8,-3.55,2.27,0.79,6.98,-10.54,-5.75,-13.8,-14.93,-4.17,-11.74,-15.23,2.7,-8.12,-3.86,-7.96,-11.35,-2.54,41.42,-8.33,-2.88,3.6,-1.14,3.96,2.74,3.35,1.31,-3.49,1.43,-7.53,3.64,32.05,2.77,2.22,3.73,3.21,4.92,4.75,3.16,4.06,1.37,0.86,1.81,-0.25,5.25,2.53,3.12,1.4,5.85,10.4,6.59,4.28,5.22,6.69,2.34,9.32,8.82,5.65,7.56,-1.3,18.88,7.28,6.89,5.72,6.19,5.92,5.31,5.74,5.55,3.15,4.95,5.31,6.26,5.16,5.66,9.37,3.07,4.88,3.62,4.81,3.11,5.34,2.83,8.51,6.19,4.79,5.07,4.75,5.31,3.16,8.45,5.52,2.41,7.15,2.91,18.85,18.86,5.26,21.95,4.65,2.31,7.25,11.86,-4.1,5.33,4.14,3.02,6.66,5.92,5.61,7.49,5.0,4.58,4.06,8.59,5.2,-2.59,3.01,7.58,3.62,2.53,-5.2,4.83,3.23,2.78,15.27,5.8,6.65,11.15,-0.24,3.13,4.93,12.15,1.0,2.83,11.67,9.87,4.42,1.71,5.87,5.77,3.82,3.81,4.24,1.83,3.39,2.7,4.09,5.05,6.67,14.65,2.46,6.05,7.01,5.4,3.54,4.63,3.18,8.3,3.88,1.53,3.33,4.43,0.63,15.88,22.16,1.61,3.92,2.93,9.75,4.41,6.14,-2.01,6.42,-21.4,8.45,1.85,0.0,1.14,0.09,-0.94,6.94,6.64,2.65,5.63,1.13,7.26,8.16,5.31,4.35,3.91,8.21,9.41,5.02,0.0,2.75,7.11,-7.36,4.49,3.89,6.73,3.51,7.47,2.9,3.62,5.48,4.31,2.73,3.8,2.22,5.19,2.44,5.31,1.05,8.02,6.97,2.95,9.81,8.09
2018-08-01,0.24,3.79,7.59,4.99,2.52,0.68,2.43,2.59,2.79,1.15,4.54,3.08,-15.42,-5.8,-0.07,-0.54,-1.21,7.12,-1.34,4.42,4.28,5.52,4.88,0.84,16.81,3.77,6.81,2.66,2.3,2.34,2.05,4.81,2.35,-2.1,29.32,4.91,0.07,3.59,4.19,-3.97,0.27,5.66,2.83,21.01,9.13,1.54,-2.65,10.9,4.05,-11.09,12.01,15.12,-19.39,0.69,4.31,6.55,0.22,24.51,-3.55,12.83,4.54,1.92,3.19,1.99,4.53,50.99,-10.02,2.1,-7.84,-23.41,11.57,2.76,-50.08,-9.52,-6.44,-2.34,-7.68,-5.74,-0.38,2.55,-3.43,-5.58,-1.86,-1.61,6.86,-45.71,-5.03,-12.66,-14.06,-2.97,-10.37,-14.09,6.89,-5.65,-3.51,-7.87,-10.44,-1.97,37.9,-7.79,-2.77,3.02,6.1,3.55,3.5,3.18,1.08,-2.69,0.94,-7.59,4.79,28.5,3.26,2.21,4.15,5.75,4.62,4.51,2.79,3.91,2.76,1.56,1.64,-0.51,5.08,2.44,3.19,-0.89,6.64,6.89,7.0,4.28,3.59,6.59,1.67,7.94,7.9,4.21,2.3,0.0,12.25,4.47,6.52,5.54,5.56,5.89,5.69,4.74,5.01,2.75,4.77,5.06,6.01,5.65,5.41,7.11,3.2,4.48,3.3,4.15,1.4,4.72,3.01,8.87,6.42,4.53,4.74,5.5,4.76,2.67,7.66,5.98,3.36,8.1,2.82,23.98,20.2,5.37,19.88,5.44,-0.78,6.45,7.41,-6.99,5.04,4.04,3.16,6.93,4.44,10.47,9.21,4.83,5.11,4.35,7.78,5.05,-3.28,2.83,4.99,1.94,1.34,-6.01,3.92,5.47,2.78,10.02,5.97,0.25,11.26,0.48,2.1,5.13,11.31,1.0,2.74,10.24,9.18,4.07,1.42,5.68,3.37,3.63,3.79,4.38,2.38,2.9,2.69,3.5,4.21,6.7,16.45,2.78,5.2,8.67,5.29,3.76,3.94,0.75,7.97,3.63,1.95,3.5,4.07,-0.31,12.97,20.26,1.04,1.3,2.78,10.4,4.46,5.47,2.28,6.81,-28.65,8.45,7.38,0.1,0.19,-0.43,-0.6,6.21,6.35,1.32,5.63,1.04,6.66,12.1,4.67,4.77,3.57,6.36,8.65,5.0,0.0,2.8,6.12,-11.3,4.39,3.56,7.2,4.28,0.23,2.88,2.78,5.3,4.06,2.72,4.12,1.83,6.37,3.09,5.48,1.05,8.85,3.84,-0.26,9.49,8.3
2018-09-01,0.24,2.78,7.21,5.6,1.32,2.57,3.61,3.09,3.29,1.46,5.08,2.91,-15.26,-6.97,0.95,1.08,-1.42,8.12,-4.25,3.97,3.73,5.13,5.28,-0.08,16.38,2.72,3.76,2.36,2.06,1.66,1.69,3.23,2.0,-0.28,20.45,5.56,-1.53,2.96,2.98,-7.05,21.74,5.74,-0.88,10.58,5.88,2.91,-2.65,5.3,3.11,8.97,10.2,5.85,-27.84,0.69,-1.79,1.2,1.51,21.1,-5.56,9.15,3.87,2.75,3.46,3.28,4.13,52.28,-17.78,4.1,-1.74,-25.87,13.1,2.47,-39.59,-5.06,-3.41,-7.65,-9.38,-3.05,1.36,0.4,-4.06,-6.72,0.75,-1.53,4.75,-45.71,-6.79,-14.12,-14.71,-3.47,-10.35,-14.49,8.84,-3.45,-4.84,-6.25,-11.47,-3.16,31.81,-8.7,-3.28,2.7,0.47,3.07,3.32,2.94,2.01,-2.36,1.18,-7.64,4.79,26.27,3.31,1.99,3.27,4.11,5.26,4.42,2.98,3.6,2.99,1.17,1.8,-0.51,4.51,2.67,2.19,1.51,7.23,6.05,7.13,6.68,3.87,7.15,3.22,6.84,6.51,3.71,-0.48,1.11,12.65,4.63,5.66,4.79,5.32,5.35,4.82,5.51,4.2,2.59,4.09,4.15,5.43,4.69,4.89,9.13,4.74,4.32,3.59,3.7,0.78,4.77,2.81,8.85,5.99,4.36,4.88,5.18,4.6,2.43,7.23,6.22,3.53,8.26,2.66,24.29,18.87,4.86,23.32,6.54,-0.14,6.77,7.28,0.08,3.25,3.82,2.75,5.73,3.94,12.18,9.06,4.36,4.57,4.18,6.82,5.32,-2.69,3.1,4.79,2.18,2.35,-6.44,3.76,2.79,1.72,9.72,4.87,6.74,8.44,0.64,2.24,5.43,12.73,-0.23,2.82,11.98,10.81,5.08,1.14,5.21,0.45,3.46,4.03,4.75,3.14,2.81,2.52,3.82,3.94,7.04,17.29,3.28,5.32,8.23,5.19,3.91,3.49,-0.08,9.27,4.17,1.01,3.99,4.3,-0.31,14.33,23.8,1.52,-0.72,3.5,10.69,4.65,5.65,1.66,6.99,-12.55,2.32,7.9,-0.1,-2.91,-0.43,0.0,6.18,6.64,0.7,5.63,0.52,6.66,12.95,4.5,5.19,4.22,6.13,8.09,5.3,0.0,3.01,7.33,-9.63,4.46,3.48,7.04,6.88,-0.31,2.79,2.55,5.72,3.73,2.72,3.63,1.91,3.64,2.15,4.95,2.09,12.99,2.96,-3.62,6.82,8.12
2018-10-01,0.0,0.92,7.61,3.18,3.54,1.74,4.79,3.6,3.43,1.45,6.93,4.39,12.08,0.66,5.76,1.51,-1.42,6.26,-3.68,5.65,3.92,3.8,5.97,0.93,17.57,4.1,2.29,0.85,4.78,2.84,1.76,2.48,1.39,0.93,7.21,5.18,-3.18,2.27,1.61,-6.08,18.96,-1.06,9.22,4.81,4.84,5.33,4.7,-2.19,4.52,8.97,10.2,19.9,-27.84,0.69,-3.26,9.5,7.54,22.31,-6.33,9.87,3.72,8.57,3.18,3.57,5.3,58.29,-28.23,0.17,-5.17,-27.18,12.24,-1.31,-40.37,-13.52,-10.55,-21.16,-15.38,-7.38,-9.32,-5.57,4.23,-7.12,5.8,-4.45,5.75,-36.74,-9.52,-16.23,-16.2,-5.05,-11.59,-16.68,16.02,-6.31,-5.28,-6.31,-12.28,-2.06,24.71,-9.86,-4.01,2.59,-1.72,3.37,2.89,2.85,1.46,-3.92,-0.16,-5.84,5.68,24.01,5.96,0.43,2.41,4.57,4.06,4.26,3.04,4.56,6.49,2.18,1.79,-0.42,3.96,2.59,3.6,6.74,6.23,1.5,6.98,6.47,2.07,5.57,3.46,7.38,6.87,5.23,4.77,1.53,19.9,4.34,5.35,4.49,4.52,4.75,1.69,6.28,2.43,3.02,1.35,3.41,5.62,2.91,2.65,7.21,10.14,2.63,3.93,2.32,1.84,3.26,5.81,8.62,4.28,3.9,3.59,6.13,2.53,1.95,6.48,6.26,7.22,8.69,1.95,26.66,18.44,5.56,24.98,5.54,-0.92,5.98,8.98,-2.03,2.73,10.1,3.07,9.1,4.58,21.14,8.91,4.27,5.2,5.35,-1.82,3.68,-9.64,3.55,5.26,2.08,1.42,-18.63,2.65,2.12,2.15,8.51,1.53,-1.86,10.61,0.48,5.67,5.19,11.95,-0.15,2.98,14.32,16.43,4.85,1.92,4.81,5.2,4.09,4.72,6.46,8.23,2.57,3.47,3.5,7.05,8.61,12.6,3.28,9.3,9.94,7.63,4.04,5.15,6.25,8.72,6.45,2.88,4.9,3.57,-2.27,16.28,28.01,1.76,-1.66,2.49,11.1,5.54,8.88,0.2,7.69,7.15,2.32,11.07,-0.48,-2.07,0.6,0.86,4.58,6.44,1.4,5.63,1.04,-1.55,16.78,4.19,5.31,5.54,6.94,6.47,5.04,0.0,5.28,5.44,-7.71,5.23,2.87,6.95,6.87,-1.31,3.53,2.47,7.24,4.4,4.22,3.61,1.44,2.96,3.84,5.16,0.72,10.67,4.83,-2.34,6.7,9.4
2018-11-01,0.0,-1.48,6.78,1.63,2.29,1.74,4.85,4.54,2.83,1.14,6.08,3.72,1.03,2.84,3.79,4.99,2.45,7.56,-5.29,2.22,4.98,4.94,6.98,3.04,21.6,5.97,-4.06,0.64,7.48,5.76,2.09,1.24,0.78,2.61,-0.58,5.0,-3.79,2.2,0.59,-4.0,18.96,1.39,0.95,-0.48,4.83,12.38,5.36,-5.74,6.05,8.97,10.2,19.9,-27.84,0.69,-3.68,7.53,7.2,19.97,-5.69,9.87,3.14,8.66,4.25,6.05,7.02,51.38,-42.91,-2.5,-18.27,-28.97,15.14,-3.29,-52.24,-14.51,-12.9,-26.91,-17.72,-10.47,-9.72,-9.74,22.03,-11.43,7.64,-7.5,5.27,-39.73,-9.05,-15.16,-15.92,-3.59,-11.66,-13.36,19.29,-4.54,-4.47,-8.5,-12.01,1.57,0.73,-10.36,-4.13,4.6,-2.98,3.44,3.85,2.38,2.46,-4.52,0.08,-2.02,6.6,18.38,7.8,-0.92,1.34,4.2,3.78,4.72,2.9,5.35,9.64,3.26,4.41,-0.25,3.95,2.67,4.71,2.26,4.51,13.57,6.28,3.44,7.11,5.12,5.87,8.35,6.49,9.95,5.89,3.66,32.45,5.59,6.87,4.55,4.08,4.68,0.56,11.67,1.45,3.45,-0.42,4.4,6.19,3.18,3.78,4.74,18.43,3.25,6.01,3.3,-1.96,1.98,12.79,8.16,4.24,4.1,3.48,6.88,1.52,3.27,5.84,6.72,10.45,8.7,0.86,24.71,21.01,7.35,17.66,8.79,1.53,2.72,9.12,-0.85,3.25,14.12,2.89,12.72,5.19,25.37,9.35,2.73,4.99,3.3,-4.63,-0.56,-10.0,5.28,3.12,2.24,0.17,-37.36,2.4,-0.08,1.72,14.64,2.54,-2.94,10.0,1.2,10.06,7.05,10.23,0.77,0.08,11.86,7.83,0.73,2.27,4.3,3.01,3.45,4.19,6.27,10.84,1.08,1.8,4.84,7.54,9.74,14.76,2.69,9.77,8.5,7.58,3.89,4.42,5.79,6.07,5.36,3.12,6.07,1.61,-6.06,8.2,21.54,1.28,-6.65,1.75,12.24,6.77,7.48,2.29,7.63,-1.8,2.32,9.06,-0.86,-1.04,0.94,0.51,7.52,9.83,1.74,3.93,0.86,-0.85,12.78,4.9,6.08,6.11,4.8,6.45,5.36,0.0,10.62,5.85,-6.26,6.7,1.2,7.13,8.03,1.47,3.38,0.72,7.61,2.6,3.01,3.12,1.35,3.24,9.86,4.94,-0.64,19.67,4.24,-4.99,6.89,7.17
2018-12-01,0.24,-1.62,5.83,1.79,2.45,0.8,5.43,4.86,2.76,0.99,6.01,3.55,12.39,3.14,4.0,3.44,1.23,9.14,-2.26,0.84,5.89,2.95,6.53,3.94,21.01,5.62,-4.41,0.78,8.01,4.84,2.44,2.03,0.77,4.01,-6.94,4.5,-3.52,1.79,1.17,-4.52,18.96,-5.49,-7.23,-5.86,2.33,6.97,9.42,-7.79,4.18,8.97,10.2,19.9,-14.47,0.69,-4.99,10.05,1.86,21.27,-5.11,6.47,2.46,7.19,5.09,4.37,8.06,26.77,-54.96,1.06,-19.83,-24.45,16.88,1.07,-35.92,-5.91,-4.4,-21.73,-14.4,-6.39,-12.78,-10.98,13.04,-7.96,6.15,-6.23,5.24,-42.36,-6.4,-13.27,-13.8,-1.87,-11.46,-9.58,21.29,-5.2,-3.58,-5.82,-10.94,2.06,0.67,-10.5,-5.32,2.67,-2.79,3.05,3.76,1.38,1.67,-3.08,0.24,-2.75,6.56,9.7,9.53,-1.34,0.42,3.42,3.65,4.92,3.67,6.25,10.47,3.66,6.17,-0.09,3.03,2.27,5.46,1.97,2.34,8.81,4.93,4.78,7.47,3.9,7.67,7.12,6.78,11.86,1.63,5.74,29.62,6.34,8.49,4.67,3.79,4.86,0.21,10.86,1.52,4.21,-0.64,3.73,6.3,3.16,3.48,4.02,18.26,3.18,7.05,5.01,6.76,1.55,10.95,6.56,3.88,3.49,3.03,6.98,0.79,5.78,5.1,6.89,10.13,8.34,0.47,12.18,22.03,7.0,7.35,9.3,3.72,0.9,9.86,1.62,4.44,18.08,4.53,13.82,5.6,22.41,12.79,2.73,5.03,4.98,-4.09,-0.78,-7.66,5.62,0.46,2.64,1.92,-43.85,2.4,0.43,2.15,15.31,2.36,0.73,10.63,1.93,17.33,6.18,11.24,0.31,-0.41,12.94,6.85,0.51,2.39,3.59,7.97,3.44,3.93,7.58,14.2,1.47,-0.08,7.54,9.27,10.14,15.23,2.69,12.03,11.07,9.83,3.59,5.12,7.54,5.49,6.34,2.58,6.3,0.24,-6.32,-0.1,9.86,0.8,-6.75,1.4,12.61,7.65,7.08,0.69,8.0,5.02,-0.91,9.57,-1.05,-0.38,1.02,1.2,5.58,9.73,2.36,5.0,1.65,-2.23,9.95,4.95,6.79,6.02,3.57,7.88,4.78,0.0,12.83,5.62,-5.36,9.65,1.42,8.12,12.92,0.92,2.85,0.0,7.89,2.36,3.41,2.56,1.43,1.15,10.1,5.01,-0.32,21.62,7.04,-3.15,4.36,6.43
2019-01-01,1.91,-2.11,3.88,-0.07,0.35,1.33,5.48,3.6,1.81,-0.61,4.71,2.3,12.56,0.74,4.43,3.61,0.0,-1.96,-0.22,-0.76,6.19,3.2,6.08,3.59,20.01,5.73,-2.44,0.64,6.98,4.99,2.3,3.0,0.34,4.3,-6.3,3.77,-2.9,1.12,0.0,-5.58,18.96,7.27,-10.6,-11.07,1.95,0.58,-16.67,-10.15,-3.77,8.97,10.2,19.9,-12.8,0.69,-7.08,3.17,-4.54,19.56,-3.71,3.54,2.15,6.92,4.73,3.62,8.11,19.19,-57.09,0.0,-16.95,-18.24,24.67,2.1,-3.98,-5.88,-8.92,-16.57,-12.53,2.82,-5.61,-8.97,-3.47,-1.96,6.62,-2.0,5.76,-36.56,-4.37,-11.53,-12.82,-0.94,-9.84,-7.02,21.75,-0.91,-2.04,-6.01,-10.36,2.2,0.67,-9.22,-5.97,3.25,-3.56,2.66,2.99,0.92,-0.23,-3.3,-0.39,-3.04,5.32,5.15,8.6,-3.17,-0.21,3.0,3.32,5.06,3.8,6.25,9.88,3.43,5.56,0.09,1.58,1.72,3.8,4.78,1.76,5.92,3.74,4.04,6.15,2.11,8.15,6.71,6.42,8.88,5.22,5.72,23.47,4.82,8.27,2.95,3.08,3.79,-0.84,9.12,1.45,4.36,-1.41,3.87,5.21,2.52,2.75,3.13,6.97,2.62,6.25,5.49,8.37,0.98,12.8,5.3,2.95,3.26,2.88,7.78,0.0,4.43,5.12,6.94,10.22,7.12,-0.08,2.4,23.37,6.4,1.96,5.94,-3.6,0.49,8.28,0.7,2.45,18.41,4.62,10.4,6.0,25.1,15.45,2.73,5.78,5.33,-3.99,-1.13,-10.11,3.66,1.09,2.88,2.85,-42.69,2.15,0.17,4.21,15.31,3.0,-0.13,11.04,2.09,17.82,5.63,11.23,0.77,0.16,10.97,7.47,0.8,2.03,3.86,6.68,3.77,5.19,7.4,10.4,1.08,0.6,7.92,9.65,9.92,11.81,2.43,13.3,13.52,9.5,3.29,4.09,7.52,5.35,6.33,3.25,6.2,0.32,-6.24,-2.72,4.31,0.8,-6.81,1.61,10.96,8.34,7.37,1.96,7.99,8.38,-0.91,9.57,-1.91,0.28,0.85,1.2,-0.16,8.41,-0.09,5.0,1.73,-3.13,10.97,4.43,6.41,4.67,5.54,6.75,4.35,0.0,10.91,0.7,-4.43,9.3,1.57,8.02,12.25,0.15,2.85,-0.36,7.71,1.98,3.56,2.17,1.35,1.57,9.64,5.24,-0.32,21.62,7.28,-0.66,4.88,5.02
2019-02-01,1.91,-1.9,4.03,-0.74,-0.77,0.93,6.08,4.05,2.39,0.08,5.61,3.28,12.56,3.28,3.97,4.72,0.36,-1.96,2.22,-0.56,6.23,2.77,6.49,5.19,8.21,7.17,0.86,0.92,6.37,4.46,2.03,1.52,0.43,5.36,-2.57,4.04,-2.98,1.06,-1.34,-7.75,18.96,-1.9,-11.88,-9.88,0.53,-0.06,-16.67,-8.47,-3.96,8.97,10.2,19.9,2.39,0.69,-4.53,1.03,-3.57,16.26,-4.42,3.53,1.65,4.8,5.78,2.83,7.68,21.32,-49.51,-1.13,-8.79,-15.48,28.22,-0.43,13.56,-2.54,-2.69,-11.08,-12.67,11.49,-9.38,-7.49,-4.46,3.35,5.44,2.92,3.98,-44.2,-2.02,-10.16,-10.91,0.09,-8.22,-5.23,25.48,2.19,-0.96,-4.76,-9.3,3.66,-0.26,-7.62,-4.88,4.43,-2.79,2.35,2.37,1.39,0.38,-2.07,0.08,-2.26,5.55,1.95,9.62,-2.41,0.28,4.17,3.24,5.42,3.58,6.88,7.84,3.98,5.65,0.0,1.58,1.72,4.96,5.46,2.69,5.52,3.41,5.2,7.38,2.6,9.03,6.43,6.3,8.75,4.96,4.82,25.47,5.29,5.35,1.98,2.86,2.75,-1.81,7.2,1.38,4.97,-1.13,2.86,4.12,1.47,1.62,1.78,5.91,2.75,6.15,5.72,9.82,-0.21,12.75,5.53,2.75,3.77,2.94,8.61,0.65,4.56,4.95,6.56,10.11,6.86,-0.38,-0.97,22.02,5.35,3.06,5.45,-0.56,0.7,7.88,-3.32,0.96,17.86,5.01,10.55,6.24,24.64,16.28,3.45,5.92,5.62,-6.12,-1.19,-10.45,4.34,0.23,2.64,2.09,-41.27,2.22,0.85,5.07,14.64,4.81,0.13,9.82,1.61,16.72,5.84,9.08,1.99,0.33,11.34,6.74,-0.51,2.24,3.37,6.3,4.07,5.66,8.08,8.07,1.78,0.43,7.55,10.43,9.99,10.39,1.61,10.56,12.13,9.63,3.29,3.29,3.35,5.64,6.93,3.35,6.45,0.0,-6.75,-3.34,4.04,0.88,-6.63,1.68,8.87,8.55,8.07,-1.76,8.22,1.49,-0.91,11.96,-2.19,0.56,1.88,1.38,-0.4,8.72,-0.69,5.0,1.3,-4.71,11.11,4.35,6.82,4.83,1.86,5.69,4.82,0.0,11.96,1.25,-4.56,9.13,2.4,7.8,12.84,1.39,3.77,0.87,7.69,2.67,3.48,2.17,1.43,1.43,9.9,5.24,0.0,21.62,8.8,1.71,5.61,4.94
2019-03-01,1.91,-1.96,2.89,-1.33,-0.56,-0.4,6.29,4.57,2.61,0.15,5.2,3.02,12.44,3.69,2.6,5.88,-0.07,-2.16,0.73,-2.9,6.53,1.79,5.46,6.56,5.15,7.88,1.45,0.71,6.04,3.85,1.89,0.14,0.26,4.97,-0.04,3.2,-3.06,0.72,-2.57,-8.0,18.96,-2.23,-12.63,-9.91,1.95,0.91,-16.67,-11.07,-4.7,8.97,10.2,19.9,4.14,0.69,-4.74,-4.51,-7.61,13.31,-4.43,2.91,1.16,6.45,4.93,2.21,7.97,5.02,-39.76,-0.76,1.23,-10.64,30.08,-1.13,32.62,2.7,7.63,0.25,-7.44,15.77,16.04,-3.95,1.22,8.95,-5.35,4.23,3.46,-48.34,-0.09,-8.91,-8.94,0.43,-7.31,-3.45,28.25,1.27,-0.59,-3.64,-7.43,3.66,2.45,-6.81,-4.41,1.7,-2.14,2.42,2.2,1.39,0.3,-1.59,0.24,-2.47,4.83,-1.53,7.78,-2.96,0.28,4.02,2.91,4.68,3.29,6.15,8.58,3.66,5.86,0.17,1.12,1.79,4.4,3.66,1.96,0.5,2.16,4.1,6.75,1.35,9.55,5.47,5.74,7.51,4.76,-0.89,19.25,5.42,5.15,2.04,2.63,3.03,-2.01,7.14,1.1,5.04,-1.2,2.56,3.97,1.4,1.41,1.57,6.57,2.75,5.95,4.65,12.62,0.07,13.68,4.54,2.93,3.47,2.19,8.38,0.29,4.63,4.78,6.27,9.92,5.82,-0.23,4.97,23.25,4.61,3.94,7.69,1.92,0.63,4.78,-4.26,0.95,18.32,4.07,8.36,5.9,24.14,15.0,3.08,5.58,5.47,-6.49,-2.57,-2.17,5.85,0.39,2.48,2.17,-41.27,1.98,0.34,5.06,14.56,2.97,0.2,7.47,1.36,16.38,6.13,8.88,1.99,0.08,10.05,4.07,-1.23,3.25,2.66,6.34,4.07,5.59,7.62,8.62,1.39,0.77,7.8,9.82,9.82,8.71,1.2,8.89,11.21,9.91,7.47,3.0,4.07,5.49,6.29,3.6,6.69,-0.32,-6.69,-1.81,5.13,0.88,-0.22,1.61,6.26,8.01,6.98,-0.49,7.9,5.15,-0.91,12.17,-2.47,0.47,1.96,1.46,-1.76,8.27,0.52,5.0,1.38,-3.89,11.18,3.47,6.88,5.69,1.78,5.55,5.51,0.0,7.86,-0.61,-2.01,8.55,2.01,7.27,12.16,-0.76,3.69,0.07,7.14,1.9,3.16,2.41,1.05,2.55,9.08,5.01,1.14,24.01,5.97,-0.26,4.72,4.66
2019-04-01,1.91,-2.3,2.35,-1.34,0.34,0.0,6.91,5.4,3.34,0.53,5.17,2.68,12.78,4.89,3.49,7.08,1.22,-1.62,1.18,-3.56,6.44,1.79,4.38,10.22,3.79,7.46,1.94,0.35,4.22,4.32,1.6,0.65,0.26,4.6,0.53,2.47,-3.06,0.52,-3.31,-7.86,18.96,1.82,-10.79,-10.81,0.77,-0.69,-16.67,-9.77,-3.56,-3.32,23.05,19.9,4.14,0.69,-6.7,-8.56,-9.22,13.11,-3.51,1.85,0.3,6.05,4.49,4.54,6.89,-4.28,-21.72,1.29,7.06,-5.99,27.67,-3.13,38.97,4.81,4.91,4.37,1.5,23.04,24.23,-0.07,-11.02,13.41,-11.54,9.18,1.83,-49.64,2.22,-6.85,-6.9,1.12,-6.22,-2.75,27.21,1.79,-1.03,-2.53,-5.24,4.26,3.48,-4.53,-2.99,0.0,-2.21,2.03,2.11,0.92,0.38,-1.11,0.16,-3.03,3.49,-2.86,6.99,-3.36,0.21,3.94,2.45,3.41,2.94,5.36,8.59,3.57,4.85,0.26,0.44,1.78,3.42,3.42,1.53,-5.24,2.01,5.78,6.38,1.1,8.31,5.15,5.66,6.92,11.6,-1.76,17.02,5.65,6.27,1.21,2.27,2.2,-2.54,2.98,0.95,4.47,-1.47,2.19,2.75,0.56,0.98,1.44,6.41,1.84,4.9,5.16,11.36,-0.28,11.56,3.88,1.87,3.31,1.9,7.99,-0.14,4.71,4.69,5.23,9.63,5.41,0.08,8.14,25.1,3.23,0.6,6.4,3.29,-0.82,0.64,-2.26,-1.42,15.06,3.83,7.05,5.59,18.26,10.27,2.28,7.42,5.17,-5.39,-1.89,-2.39,4.71,0.0,2.88,2.67,-41.27,1.33,0.33,5.48,14.56,4.01,1.99,6.56,1.44,14.53,4.08,8.57,1.68,-0.9,5.49,4.82,-1.66,3.73,1.66,8.03,3.28,5.26,5.75,6.86,0.77,0.51,6.02,8.91,8.11,7.61,1.68,7.34,11.07,9.38,7.47,2.99,4.72,4.76,6.03,4.18,6.76,-0.63,-6.75,-2.99,1.28,0.95,-1.24,1.39,5.3,8.21,6.55,-0.55,7.04,-1.02,-0.91,12.17,-2.19,1.13,2.04,1.55,-2.14,7.5,-0.09,4.54,1.21,-4.43,12.07,3.01,6.85,3.39,3.03,5.03,6.19,0.0,6.98,-0.23,0.46,8.03,1.71,6.91,10.68,-0.68,3.07,0.14,6.74,1.52,2.59,2.25,0.9,1.9,8.87,4.13,2.14,24.01,3.32,-2.49,-4.67,3.75
2019-05-01,1.66,-2.37,1.53,-1.78,0.83,0.13,7.06,5.26,3.79,0.84,4.95,2.76,12.71,9.25,5.66,9.93,3.32,-3.19,2.44,-4.35,7.28,2.67,4.8,9.93,2.45,8.66,1.8,0.28,3.93,3.85,1.24,0.93,0.6,5.35,-1.07,2.38,-2.78,0.33,-2.82,-5.59,5.55,-1.21,-9.73,-9.91,0.91,-3.05,-16.67,-8.03,-4.92,-1.42,11.86,19.9,4.14,-11.67,-10.05,-12.16,-10.03,10.0,-3.17,1.01,-0.31,5.21,5.1,2.49,6.57,-15.44,-10.21,4.95,14.61,6.72,19.25,-3.64,70.11,4.24,4.78,5.51,11.42,21.51,22.4,0.66,-14.47,13.6,-3.0,6.11,0.07,-52.18,6.72,-4.23,-3.46,2.65,-3.81,-0.56,28.36,3.69,0.82,-1.89,-2.74,4.93,0.13,0.57,-0.9,2.9,-0.34,1.5,2.35,0.76,1.61,0.21,-0.16,-2.18,3.62,-2.22,7.49,-2.93,0.28,3.94,2.32,3.06,2.93,4.73,8.4,3.41,4.85,0.77,0.0,1.46,3.72,3.1,1.74,-1.6,2.14,6.11,7.32,1.03,7.74,4.83,5.47,5.72,11.73,-3.04,11.76,2.55,4.44,0.8,1.7,1.44,-2.81,2.54,0.68,4.4,-1.74,2.04,2.94,-0.34,0.28,3.9,11.88,1.76,4.45,4.55,8.38,-0.9,8.84,3.12,1.98,2.86,1.45,8.1,-0.42,4.46,4.67,5.02,9.71,4.56,0.0,9.28,24.04,3.39,-1.91,4.61,2.63,-0.82,-1.9,-2.2,-2.36,14.99,3.66,6.94,4.25,13.46,12.27,1.69,6.8,5.01,-7.79,-2.5,-2.23,3.79,0.23,4.41,1.73,-40.3,0.47,0.08,5.57,9.18,1.89,-4.94,5.91,2.09,13.92,3.91,8.95,1.68,-0.98,5.45,3.37,-2.24,4.5,1.1,8.35,2.89,4.93,5.19,10.31,0.54,-0.51,6.26,8.07,6.99,7.18,1.6,8.13,10.75,9.01,7.47,3.33,5.81,4.36,5.94,4.41,6.58,-0.79,-6.38,-5.87,-1.38,0.55,-1.82,1.18,5.0,7.81,4.15,-0.89,6.92,-6.63,-0.91,12.17,-2.19,2.0,1.87,2.33,-2.74,7.15,-1.56,3.98,1.47,-5.26,12.21,2.64,6.84,3.54,3.4,5.27,6.23,0.0,6.35,1.29,-3.58,7.76,1.63,6.53,10.86,-0.45,2.76,-0.21,6.72,1.28,2.59,1.85,0.75,2.03,9.28,2.67,1.81,21.98,2.92,-4.4,-5.79,3.37
2019-06-01,-6.91,-2.16,0.22,-1.7,1.8,-0.26,7.12,5.19,3.78,0.99,5.28,3.09,8.57,15.15,7.24,11.83,3.1,-3.44,3.88,-4.22,8.57,3.02,6.55,11.01,-0.78,9.17,1.62,0.56,4.3,3.9,1.31,0.28,0.17,6.67,-4.37,1.75,-1.26,0.39,-3.45,-3.57,-20.0,-15.15,-15.11,-10.33,1.56,1.5,-16.67,-7.05,-8.97,6.97,-10.37,19.9,4.14,-12.2,-9.68,-8.71,-8.14,9.44,-1.67,2.51,-1.21,5.27,3.96,0.69,6.77,-13.07,-4.23,0.12,18.04,20.05,27.16,-5.38,49.84,2.3,1.33,7.19,12.25,8.51,3.15,-6.55,-9.87,14.14,5.68,1.03,-0.51,-47.7,12.34,-1.36,-0.15,5.93,-0.72,2.64,28.64,5.7,2.39,0.73,-1.16,5.88,-3.55,-0.19,0.57,3.01,0.14,1.57,1.51,0.68,1.61,2.15,-0.16,-0.96,4.12,-4.06,7.19,-2.51,0.28,5.12,2.51,3.4,2.79,4.78,8.9,3.4,5.1,0.51,0.37,1.46,3.25,3.0,2.15,-1.28,1.19,6.98,7.66,0.73,8.32,5.12,5.63,5.87,13.19,-1.09,12.5,2.48,5.06,0.94,1.49,1.09,-3.47,2.32,0.47,3.87,-1.6,1.62,2.47,-0.55,-0.21,4.88,11.6,1.69,4.08,4.69,7.35,-0.76,7.95,3.17,1.67,2.55,1.16,6.98,-0.98,3.91,4.77,4.74,9.7,3.52,-0.23,8.4,21.41,3.53,-5.39,5.52,2.19,-1.16,-1.48,-3.27,-1.28,15.33,3.33,7.06,2.95,15.64,13.43,1.26,5.77,4.65,-7.64,-3.3,-2.76,4.25,-0.99,3.92,0.58,-25.91,0.0,-0.41,5.35,13.46,-1.64,-5.17,5.16,1.68,13.6,3.46,3.93,1.75,-0.9,5.43,2.9,-1.6,4.56,0.89,8.93,2.42,4.52,5.19,11.34,1.15,-0.09,5.65,8.03,6.84,5.78,1.6,7.63,11.21,9.24,22.83,4.02,5.21,4.47,5.7,5.68,6.55,-0.71,-6.14,-8.6,-5.3,0.71,-2.32,0.9,4.34,7.39,4.95,-2.2,6.44,-11.78,-0.91,12.17,-2.38,2.0,1.86,3.02,-2.56,6.81,-1.98,2.0,1.72,-3.1,11.52,2.56,6.51,3.38,-0.72,4.55,5.88,0.0,6.27,2.36,5.88,8.18,1.85,6.62,10.55,-0.75,2.83,-0.14,6.48,1.2,2.74,1.46,1.2,1.82,9.81,1.21,-1.43,20.13,6.34,-4.88,-4.35,2.74
2019-07-01,-2.38,-2.21,-0.43,-2.13,1.44,-3.7,6.7,4.57,3.55,1.45,5.4,2.92,15.38,19.8,8.87,12.77,4.39,2.18,4.32,-4.33,9.07,1.87,6.66,10.58,-0.89,9.79,0.57,0.91,5.09,4.42,1.73,0.85,-0.09,8.37,-6.47,1.66,0.42,0.07,-4.27,-0.77,-15.84,-14.22,-4.34,-11.31,3.41,8.21,-16.67,-0.25,-1.6,15.4,-17.84,1.83,4.14,-12.2,-4.87,4.23,-4.69,8.71,1.19,1.17,-2.05,5.9,3.74,0.76,7.51,-13.62,-7.42,5.35,18.57,29.24,35.9,-3.92,28.36,2.86,-3.23,9.52,6.76,1.24,0.74,-9.5,-6.89,10.67,10.52,0.26,-1.08,-42.25,14.36,-0.76,1.01,6.75,0.56,3.67,26.47,3.09,2.83,1.17,-0.58,6.08,-3.29,-2.72,1.04,2.63,-0.34,1.87,0.5,0.98,1.53,3.82,0.23,0.14,4.97,-5.69,7.04,-1.68,-0.07,4.8,2.69,2.71,2.72,4.85,8.92,3.7,5.57,0.51,0.37,1.77,3.18,9.74,1.8,-2.8,1.83,7.64,8.92,0.9,8.83,4.74,5.17,5.87,13.33,0.69,12.85,1.85,4.98,1.0,1.69,1.36,-3.34,2.61,0.47,4.25,-1.6,1.33,2.27,-1.16,-0.96,3.64,8.7,1.35,3.78,4.15,4.86,-1.03,9.58,3.22,1.43,2.1,0.72,7.05,-0.98,4.14,4.8,4.72,10.09,3.59,-0.23,-4.55,20.29,3.2,-4.07,5.2,1.76,-1.82,-3.77,-4.5,-0.2,14.12,3.09,6.52,1.45,16.02,15.42,1.12,5.74,4.26,-8.85,-3.36,-3.65,4.25,-0.61,2.62,0.66,-25.91,-0.54,0.0,4.81,5.87,-1.31,-4.88,5.02,1.92,14.09,3.16,4.21,1.45,-1.38,5.29,1.24,-0.88,4.41,0.21,10.18,1.88,4.58,5.25,11.12,1.15,-0.42,6.21,7.42,6.65,6.32,1.6,8.24,11.31,8.95,25.04,4.63,5.43,3.77,5.68,6.28,6.61,-0.55,-5.18,-5.99,-3.4,0.87,-2.1,1.25,3.62,7.13,4.54,0.68,5.77,5.36,-4.5,11.23,-2.2,1.22,3.17,4.24,-3.09,6.62,-0.09,1.03,1.89,-4.06,12.0,2.63,6.12,2.96,-1.43,4.27,6.63,0.0,6.08,2.16,3.21,8.14,1.54,6.04,10.17,-1.63,2.67,0.0,6.46,1.28,2.66,1.07,1.57,3.03,9.71,-0.91,-0.48,20.43,11.21,-0.91,-2.81,2.23
2019-08-01,-2.38,-2.28,-1.06,-2.63,0.68,1.48,6.26,3.25,2.57,1.21,4.95,2.91,20.04,22.49,11.71,12.86,5.38,4.97,4.46,-4.91,8.92,1.45,6.87,9.81,-0.66,9.21,0.29,1.4,4.27,5.24,2.01,0.85,-0.77,8.85,-6.29,1.04,1.19,0.46,-4.18,-1.47,-12.37,-4.44,0.0,-10.35,0.81,7.67,-16.67,3.83,11.35,6.79,-17.84,-6.47,4.14,-12.2,-5.35,3.5,-0.44,7.74,2.97,0.67,-2.83,11.05,4.89,-1.2,7.72,-13.51,6.37,4.65,14.68,38.19,40.93,0.66,39.24,3.86,9.18,12.93,5.93,-2.03,-7.35,-8.53,4.77,12.39,11.92,0.59,-1.28,14.19,15.44,-1.8,0.23,7.05,0.56,3.74,23.7,3.13,3.94,3.02,-1.44,5.3,-3.29,-2.96,1.9,4.02,-1.14,1.79,-0.08,1.73,1.29,4.9,0.23,0.49,5.44,-5.48,6.52,-1.11,-0.41,2.65,2.55,2.36,2.78,4.63,7.81,2.99,4.76,0.68,0.37,1.85,3.24,10.83,1.37,-1.96,1.74,8.06,10.14,0.78,9.51,4.36,5.04,6.89,10.65,-0.07,16.37,1.86,4.83,0.33,1.42,1.29,-4.37,3.18,0.2,4.01,-1.93,0.91,1.87,-1.49,-1.3,6.72,10.54,0.94,3.34,3.4,6.5,-1.3,8.64,3.08,1.3,1.59,0.36,6.14,-0.91,3.9,4.84,4.37,9.08,3.28,-0.38,-11.32,20.25,2.4,-5.48,4.19,5.07,-2.09,0.77,-1.64,-0.27,14.32,2.53,6.83,2.47,12.04,10.84,0.7,5.07,4.38,-8.42,-3.57,-3.62,4.34,1.56,2.53,5.2,-25.91,0.0,-1.46,4.56,6.0,-4.11,-2.35,4.05,2.47,14.56,2.77,3.71,1.45,-1.54,6.24,1.32,-1.3,4.7,-0.27,9.33,1.04,4.42,5.16,8.67,1.22,-0.59,6.77,7.33,6.42,3.28,1.27,9.27,9.47,9.06,24.78,5.41,8.2,3.21,5.44,6.9,6.67,-0.7,-4.64,-7.26,-4.9,1.03,-1.42,0.97,2.98,6.59,4.27,-2.43,5.58,13.49,-4.5,5.43,-1.71,0.84,3.42,4.06,-3.0,7.14,1.66,1.03,1.8,-2.82,8.15,2.48,5.65,4.09,1.48,3.89,6.53,0.0,4.88,1.95,4.89,8.41,1.68,5.78,8.7,1.99,2.14,-0.07,6.29,1.12,2.42,0.84,1.95,2.96,9.31,-2.42,0.08,19.67,21.32,10.09,7.47,1.62
2019-09-01,-8.19,-1.32,-1.61,-2.4,0.69,-5.42,5.84,3.07,2.12,0.91,4.3,2.91,19.75,22.97,13.27,12.16,7.78,1.85,6.6,-4.63,9.74,2.26,6.69,11.28,-1.34,12.26,3.33,1.68,4.85,5.93,2.42,1.28,-0.6,8.89,-1.74,0.95,2.82,0.59,-3.06,4.08,-19.36,-8.12,-2.21,-6.93,3.49,7.16,-16.67,11.33,19.59,6.79,-17.84,-10.55,4.14,-12.2,-3.0,1.65,2.09,6.12,7.79,2.09,-3.61,11.58,4.02,-2.96,8.14,-12.75,66.38,7.09,10.74,69.35,37.59,0.88,32.52,8.73,10.5,16.75,10.41,-0.17,-3.39,-2.0,5.81,14.0,13.84,4.06,-0.36,8.85,17.56,-1.14,0.38,8.48,1.76,6.13,22.67,6.43,4.71,2.49,-0.72,7.48,-1.31,-0.73,3.4,5.8,-0.07,1.79,-0.33,2.26,1.21,6.43,0.86,1.12,7.7,-3.86,5.72,-0.91,0.21,4.48,1.79,2.08,2.22,4.41,7.78,3.46,4.75,0.6,0.37,1.45,3.4,8.1,1.16,-2.23,1.94,6.33,13.33,0.3,8.9,4.23,3.68,6.75,12.63,-3.98,13.02,0.98,6.76,0.07,1.55,1.35,-4.12,2.89,0.34,4.08,-1.72,1.4,2.06,-1.02,-0.82,0.57,11.71,0.67,2.55,3.93,8.48,-1.7,8.4,3.37,1.24,1.23,0.0,5.92,-1.19,4.36,4.75,3.65,9.14,3.14,0.61,-13.95,19.27,2.63,-9.61,3.55,0.29,-2.47,2.83,0.24,0.0,15.19,2.45,8.52,2.86,14.05,3.51,0.7,5.15,4.3,-9.45,-4.78,-4.79,4.43,0.0,2.93,5.74,-25.11,0.46,-0.25,9.9,6.23,-3.42,-5.47,5.34,3.57,13.83,2.61,2.9,2.7,-1.53,2.84,-0.14,-3.34,6.88,0.0,9.04,0.89,4.41,4.32,9.75,1.06,-0.34,6.49,7.92,5.86,2.29,0.79,7.92,10.14,9.18,22.55,5.48,10.32,2.03,4.96,6.86,5.79,-1.4,-4.63,-10.47,-9.52,0.79,-1.45,0.35,2.7,5.6,3.78,-3.26,5.15,-1.41,1.22,4.92,-1.15,4.63,3.85,4.3,-1.68,6.15,0.79,1.63,2.59,0.23,7.01,2.33,5.27,3.49,1.88,4.81,6.1,0.0,3.32,0.69,9.35,8.46,1.83,5.85,8.24,3.77,1.54,0.28,5.83,1.12,2.02,0.99,1.35,1.82,7.66,-2.43,-4.1,15.9,22.91,19.06,10.48,1.31
2019-10-01,-8.33,0.35,-2.22,-0.59,-0.34,-3.29,5.41,2.76,1.83,0.9,2.91,1.19,7.55,15.28,8.44,14.31,9.08,2.6,5.84,-5.75,10.02,4.66,6.76,10.16,-1.55,10.63,6.26,3.1,2.39,4.06,2.49,1.85,-0.09,8.36,4.53,1.21,5.06,1.05,-1.92,7.59,-19.36,3.47,-4.66,-2.8,5.14,6.53,16.24,18.33,22.9,6.79,-17.84,-12.18,4.14,-12.2,0.2,-0.95,0.72,1.86,11.59,2.32,-4.13,6.66,3.87,-3.45,7.02,-8.48,97.61,14.8,13.03,103.13,31.22,3.65,62.95,19.07,22.99,30.14,14.5,9.7,18.92,8.95,0.35,10.22,7.72,6.95,-2.26,-9.12,21.88,1.63,2.35,11.08,5.44,12.65,17.46,10.58,5.72,3.07,0.81,5.8,-0.13,1.1,3.55,4.6,2.83,1.71,0.25,2.33,1.29,9.56,2.04,-0.48,8.6,-4.6,2.78,0.78,1.04,4.44,2.42,1.81,2.35,3.17,4.57,2.67,4.44,0.6,1.1,1.84,1.45,3.61,2.39,1.22,2.78,7.19,14.4,0.96,8.16,3.44,2.95,6.15,8.26,-3.9,1.45,0.49,6.11,-0.26,2.09,2.23,-2.0,1.04,1.36,3.15,0.35,1.82,1.67,0.07,1.19,1.65,6.45,1.42,1.4,5.19,7.91,-0.55,5.87,3.67,2.32,1.66,0.79,5.0,-0.07,4.66,4.65,3.57,6.57,2.33,2.37,-17.65,22.4,0.53,-8.05,4.66,2.5,-1.21,0.55,1.59,-0.88,9.57,2.52,4.41,2.38,9.19,15.01,0.42,3.67,2.61,-2.92,-4.98,2.25,4.59,-0.92,0.78,7.18,-8.86,1.64,0.66,9.1,5.64,-0.42,1.57,4.12,3.74,9.57,2.98,3.44,2.62,-1.93,0.66,-6.14,-3.34,6.06,-0.47,2.97,0.44,3.23,1.86,9.23,0.99,-1.34,4.84,4.52,3.61,5.69,0.87,4.32,7.96,6.65,19.37,3.66,3.69,1.54,2.45,4.77,4.67,-0.78,-2.88,-9.36,-9.72,0.63,-0.22,0.9,1.95,4.47,1.59,-1.57,4.39,-15.29,1.22,1.93,-0.58,4.33,2.46,2.99,-1.54,5.44,-0.78,1.63,1.97,2.99,3.81,2.26,4.98,1.57,0.79,6.94,6.17,0.0,1.39,2.5,5.65,7.86,2.35,5.77,7.88,6.16,0.07,0.21,4.16,0.0,0.46,0.61,1.35,2.1,6.4,-2.9,-2.8,17.85,21.33,17.31,8.35,-0.29
2019-11-01,-8.33,2.86,-0.98,-0.37,1.02,-3.29,5.81,2.45,2.61,0.9,2.83,1.75,11.72,14.94,12.4,12.44,7.95,1.16,7.69,-2.65,9.81,3.02,5.87,11.87,-3.45,8.9,6.2,3.53,0.21,2.12,1.98,3.02,0.86,7.46,6.64,1.82,6.01,1.04,-1.83,5.51,-19.36,-0.44,-1.82,-2.71,5.38,5.16,8.14,21.7,21.28,6.79,-17.84,-12.18,4.14,-12.2,-1.44,-3.62,2.36,0.73,12.72,1.15,-4.6,5.71,3.96,-6.35,5.46,2.35,145.69,11.99,21.73,144.27,24.16,9.83,59.36,19.45,23.67,35.61,12.45,13.56,27.5,11.78,-16.14,11.0,1.56,10.6,-2.12,-4.61,24.04,1.86,2.99,13.68,7.39,20.77,16.56,8.15,5.72,6.75,2.07,3.3,-0.13,1.85,4.87,0.88,3.89,1.55,-0.41,2.78,0.67,11.67,2.66,-3.73,10.95,-4.86,0.45,2.43,2.02,4.49,2.28,0.99,2.55,1.76,1.77,1.43,1.41,0.68,1.1,1.83,0.0,8.36,3.36,-8.31,3.82,10.05,12.47,1.74,5.42,1.66,1.91,0.87,6.01,-6.06,-5.55,-2.2,2.4,-0.2,2.57,0.53,-0.9,-4.4,1.97,2.76,1.85,0.48,0.7,-0.68,-0.14,-0.28,-2.79,1.0,-0.96,2.2,10.62,0.48,-1.19,2.55,1.83,0.93,0.14,3.46,0.71,3.47,4.63,3.24,3.1,2.11,2.39,-16.69,20.87,-0.15,-5.32,1.07,-2.05,0.0,-2.18,0.78,-2.81,6.19,2.05,3.72,1.29,12.5,14.19,1.4,2.41,3.76,-2.83,-1.49,1.84,3.21,-1.01,0.7,8.46,15.79,1.56,2.62,9.3,-8.08,-1.82,2.31,4.38,3.88,6.19,1.72,5.36,0.69,0.33,2.07,-4.84,-1.16,5.61,0.07,4.71,0.52,2.38,1.56,5.32,2.22,-0.93,3.25,4.3,3.19,3.97,0.87,1.88,7.46,6.46,19.42,1.04,3.28,2.03,3.27,4.09,3.74,0.79,0.66,-3.29,-6.41,1.42,4.06,0.21,1.26,2.93,0.13,-3.16,3.97,-11.14,1.22,1.93,-0.19,3.24,2.63,3.16,-3.61,1.85,-1.37,-2.06,1.89,2.9,3.35,1.32,4.11,-0.38,4.31,6.36,6.15,0.0,-3.15,3.35,6.92,6.43,3.25,5.14,5.61,4.36,0.07,1.87,3.23,0.89,1.23,0.61,0.74,1.67,1.32,-2.77,-1.46,8.53,22.71,18.17,10.63,1.36
2019-12-01,-8.33,3.51,0.14,-0.15,1.36,-3.29,6.2,2.95,3.32,1.28,3.1,1.91,7.26,15.11,14.7,15.2,11.52,0.0,6.36,-0.62,9.48,3.51,7.3,10.69,-3.27,10.57,8.86,4.36,-0.14,3.2,2.04,1.85,1.02,6.82,5.87,2.84,6.72,1.24,-1.82,6.03,-19.36,19.35,11.44,2.21,8.27,5.13,3.81,21.93,24.65,6.79,-17.84,-12.18,4.14,-12.2,-2.0,-3.55,5.56,0.1,12.56,4.9,-3.96,8.26,4.78,-3.45,6.42,37.58,327.42,9.44,34.06,153.49,23.41,6.35,35.27,19.33,22.16,35.43,8.49,13.45,26.17,14.86,-8.0,11.81,0.67,11.74,-2.46,-2.78,23.82,2.7,2.81,16.09,9.75,27.3,15.89,10.97,6.47,4.63,2.51,3.27,-0.07,3.38,6.51,5.49,3.89,1.78,-0.74,4.09,0.6,12.49,3.7,-2.49,15.03,-3.83,-0.26,3.15,2.87,4.83,2.84,0.92,2.47,1.29,0.14,1.73,-0.36,0.51,1.62,2.07,-0.57,7.98,5.69,-6.06,5.89,8.98,12.33,3.03,4.79,2.06,1.05,-1.7,7.64,-4.69,-5.29,-3.91,0.86,-0.26,2.98,0.53,-0.42,-4.14,2.18,2.53,2.35,0.97,0.38,-1.16,-0.21,0.41,-3.93,1.54,-1.36,0.84,0.52,0.48,-0.54,3.52,2.43,1.36,0.5,4.31,1.14,1.48,4.44,2.85,3.09,2.1,2.7,-6.64,20.27,0.15,3.9,-0.77,-4.32,1.57,-1.38,-1.52,-3.99,4.03,0.97,2.6,1.36,6.08,10.06,1.54,6.5,2.65,-3.18,-0.71,0.71,2.78,-1.54,0.47,7.45,30.61,1.33,2.79,8.84,-8.61,-3.13,2.04,2.65,3.63,0.6,0.85,5.2,0.84,0.57,-1.03,-2.75,-0.87,4.6,0.82,0.62,0.44,1.85,0.85,5.02,1.98,-0.08,0.81,3.26,2.86,3.16,1.03,-0.19,4.1,4.3,19.7,0.21,1.07,2.63,2.37,3.89,3.56,1.52,1.58,6.34,3.3,2.14,4.62,0.62,1.72,2.21,-0.76,3.29,3.96,-9.56,0.0,1.46,0.1,5.67,11.29,2.89,-2.15,0.51,-1.96,-2.98,1.36,3.53,1.87,1.46,3.68,-0.31,3.38,4.16,6.53,0.0,-1.2,1.93,6.3,3.41,3.02,4.37,1.63,4.63,0.51,2.67,2.88,1.04,0.84,0.61,0.59,3.61,1.1,-2.42,-1.46,0.85,21.88,18.4,12.62,1.72
2020-01-01,-9.84,4.18,2.01,2.09,4.93,-3.8,7.07,5.17,4.55,3.44,4.37,2.81,0.32,15.29,16.81,19.76,14.84,16.97,6.18,1.05,10.4,3.27,8.34,11.63,-1.81,11.8,10.49,5.63,0.7,3.48,3.07,2.2,5.57,8.78,2.55,7.53,7.61,3.59,3.01,5.76,-19.36,2.9,11.79,5.94,8.29,6.26,3.81,17.53,28.81,6.79,-17.84,-12.18,33.22,-12.2,1.82,3.55,7.22,-1.11,11.4,8.56,-3.97,8.85,4.64,-2.38,6.34,62.88,245.92,9.37,44.12,147.25,13.41,3.02,11.18,18.96,19.69,26.08,4.25,10.24,46.13,14.2,19.81,7.71,-5.02,7.9,-3.42,-11.67,22.83,2.95,4.09,19.35,12.26,31.19,19.22,9.02,7.57,7.29,3.73,4.24,-0.07,4.46,10.45,7.42,4.51,1.92,-0.17,5.11,1.81,14.43,5.23,-1.29,20.72,-2.26,0.97,5.75,3.22,5.17,3.09,0.99,2.8,2.01,0.8,2.26,0.81,0.43,2.89,2.69,0.93,5.86,5.74,-1.98,8.34,10.38,13.34,4.5,5.33,1.77,1.15,0.68,3.97,-4.41,-1.4,-1.83,0.46,1.2,3.53,1.26,0.35,-3.12,2.39,2.67,3.15,0.97,1.08,-1.09,-0.55,0.83,4.29,2.02,-0.82,1.27,0.0,0.97,-1.83,4.13,3.34,1.65,0.5,3.78,1.65,2.53,4.2,3.03,3.32,2.1,2.85,4.83,19.11,0.23,7.17,1.87,3.45,3.54,0.84,0.77,-2.32,3.89,1.42,2.39,0.91,4.26,11.06,1.68,5.47,2.36,-3.59,-1.14,1.35,2.96,-1.61,0.85,7.0,29.11,1.09,2.62,6.85,-8.61,-3.24,1.83,2.2,3.31,-0.13,1.14,3.74,0.23,0.57,-0.96,-1.56,-1.3,4.6,0.34,1.51,0.96,1.33,0.91,10.05,2.29,-0.25,0.37,2.85,2.52,5.54,0.55,-1.06,3.31,4.87,20.19,1.1,1.6,2.93,2.37,4.2,3.87,1.35,1.25,7.38,6.44,2.53,4.46,0.76,2.05,2.27,-0.38,5.01,3.9,-7.47,0.0,1.46,1.36,5.63,14.12,4.5,2.73,1.11,-0.69,-3.57,1.45,4.1,5.19,1.95,3.88,0.0,-0.91,5.31,6.67,0.0,0.61,3.03,5.1,3.47,3.17,4.43,2.22,4.73,0.15,3.18,2.88,1.57,0.69,0.76,0.89,2.6,1.61,-2.42,-1.46,0.85,24.2,20.24,14.62,2.81
2020-02-01,-9.84,3.87,1.22,2.47,6.24,-3.42,7.32,5.45,4.31,3.27,4.72,1.83,0.32,14.81,21.11,19.81,15.07,16.97,5.13,1.68,11.55,4.05,8.88,9.43,7.65,11.55,7.28,6.12,1.55,4.2,4.66,2.35,6.85,9.29,0.49,8.46,9.23,4.18,6.19,4.2,-19.36,-2.74,11.31,2.83,9.08,5.05,3.81,9.01,28.5,6.79,-17.84,-12.18,10.28,-12.2,-0.71,3.28,4.83,-1.12,10.32,11.13,-4.28,11.69,4.26,-2.68,6.93,46.99,140.31,5.98,40.92,146.0,6.03,3.24,-4.3,16.82,7.15,14.4,0.08,0.65,70.85,10.85,27.79,0.63,-5.59,2.14,-1.56,-4.76,20.2,2.89,3.77,21.85,13.07,32.36,18.91,6.83,7.81,7.46,4.12,4.37,-0.07,3.98,10.59,5.44,4.85,2.29,-0.17,5.17,1.51,14.39,5.06,-1.5,23.11,-0.38,0.58,5.51,3.28,4.33,3.14,1.19,3.13,1.8,2.42,2.33,0.88,0.34,3.04,2.91,0.79,5.76,6.2,-1.2,9.62,10.38,13.37,4.22,5.12,1.71,1.73,0.37,3.73,-3.18,-1.18,-1.65,2.84,1.88,3.79,2.01,1.49,-1.34,2.31,2.37,2.86,1.67,1.79,-0.07,0.76,1.54,3.37,1.94,-1.09,0.63,-0.25,1.96,-1.36,3.75,3.15,1.36,0.21,3.14,1.21,2.0,4.31,2.96,3.47,1.88,3.01,17.55,20.12,1.59,0.59,1.29,1.41,4.09,0.35,0.08,-0.14,4.44,1.49,2.52,0.6,3.72,11.05,1.18,5.12,1.52,-2.75,-1.21,2.06,1.88,-0.77,0.78,7.46,29.2,0.78,2.71,4.74,-8.08,-5.38,1.82,2.0,3.55,0.86,0.78,6.03,-0.98,0.74,-2.48,-1.42,0.07,4.59,0.95,2.07,0.52,1.32,0.56,12.54,2.28,-0.25,1.03,2.38,2.71,3.55,0.24,0.83,4.29,4.93,20.19,1.66,6.01,2.25,1.99,5.52,4.01,1.51,1.25,3.16,0.21,2.85,2.69,0.76,2.52,2.05,-0.56,7.87,3.96,-6.79,0.0,-0.52,1.66,5.71,13.59,4.75,3.13,0.88,2.97,-2.13,1.88,5.35,5.06,1.94,3.66,0.15,3.45,6.16,6.41,0.0,0.6,2.47,3.68,3.69,2.41,4.63,1.82,4.81,-0.73,2.36,2.74,1.12,0.92,0.83,0.89,2.46,1.6,-1.94,-1.78,1.38,23.91,18.65,13.61,2.98
2020-03-01,-9.84,3.87,1.22,2.47,6.24,-3.42,7.32,5.45,4.31,3.27,4.72,1.83,0.32,14.81,21.11,19.81,15.07,16.97,5.13,1.68,11.55,4.05,8.88,9.43,7.65,11.55,7.28,6.12,1.55,4.2,4.66,2.35,6.85,9.29,0.49,8.46,9.23,4.18,6.19,4.2,-19.36,-2.74,11.31,2.83,9.08,5.05,3.81,9.01,28.5,6.79,-17.84,-12.18,10.28,-12.2,-0.71,3.28,4.83,-1.12,10.32,11.13,-4.28,11.69,4.26,-2.68,6.93,46.99,140.31,5.98,40.92,146.0,6.03,3.24,-4.3,16.82,7.15,14.4,0.08,0.65,70.85,10.85,27.79,0.63,-5.59,2.14,-1.56,-4.76,20.2,2.89,3.77,21.85,13.07,32.36,18.91,6.83,7.81,7.46,4.12,4.37,-0.07,3.98,10.59,5.44,4.85,2.29,-0.17,5.17,1.51,14.39,5.06,-1.5,23.11,-0.38,0.58,5.51,3.28,4.33,3.14,1.19,3.13,1.8,2.42,2.33,0.88,0.34,3.04,2.91,0.79,5.76,6.2,-1.2,9.62,10.38,13.37,4.22,5.12,1.71,1.73,0.37,3.73,-3.18,-1.18,-1.65,2.84,1.88,3.79,2.01,1.49,-1.34,2.31,2.37,2.86,1.67,1.79,-0.07,0.76,1.54,3.37,1.94,-1.09,0.63,-0.25,1.96,-1.36,3.75,3.15,1.36,0.21,3.14,1.21,2.0,4.31,2.96,3.47,1.88,3.01,17.55,20.12,1.59,0.59,1.29,1.41,4.09,0.35,0.08,-0.14,4.44,1.49,2.52,0.6,3.72,11.05,1.18,5.12,1.52,-2.75,-1.21,2.06,1.88,-0.77,0.78,7.46,29.2,0.78,2.71,4.74,-8.08,-5.38,1.82,2.0,3.55,0.86,0.78,6.03,-0.98,0.74,-2.48,-1.42,0.07,4.59,0.95,2.07,0.52,1.32,0.56,12.54,2.28,-0.25,1.03,2.38,2.71,3.55,0.24,0.83,4.29,4.93,20.19,1.66,6.01,2.25,1.99,5.52,4.01,1.51,1.25,3.16,0.21,2.85,2.69,0.76,2.52,2.05,-0.56,7.87,3.96,-6.79,0.0,-0.52,1.66,5.71,13.59,4.75,3.13,0.88,2.97,-2.13,1.88,5.35,5.06,1.94,3.66,0.15,3.45,6.16,6.41,0.0,0.6,2.47,3.68,3.69,2.41,4.63,1.82,4.81,-0.73,2.36,2.74,1.12,0.92,0.83,0.89,2.46,1.6,-1.94,-1.78,1.38,23.91,18.65,13.61,2.98
2020-04-01,-9.84,3.87,1.22,2.47,6.24,-3.42,7.32,5.45,4.31,3.27,4.72,1.83,0.32,14.81,21.11,19.81,15.07,16.97,5.13,1.68,11.55,4.05,8.88,9.43,7.65,11.55,7.28,6.12,1.55,4.2,4.66,2.35,6.85,9.29,0.49,8.46,9.23,4.18,6.19,4.2,-19.36,-2.74,11.31,2.83,9.08,5.05,3.81,9.01,28.5,6.79,-17.84,-12.18,10.28,-12.2,-0.71,3.28,4.83,-1.12,10.32,11.13,-4.28,11.69,4.26,-2.68,6.93,46.99,140.31,5.98,40.92,146.0,6.03,3.24,-4.3,16.82,7.15,14.4,0.08,0.65,70.85,10.85,27.79,0.63,-5.59,2.14,-1.56,-4.76,20.2,2.89,3.77,21.85,13.07,32.36,18.91,6.83,7.81,7.46,4.12,4.37,-0.07,3.98,10.59,5.44,4.85,2.29,-0.17,5.17,1.51,14.39,5.06,-1.5,23.11,-0.38,0.58,5.51,3.28,4.33,3.14,1.19,3.13,1.8,2.42,2.33,0.88,0.34,3.04,2.91,0.79,5.76,6.2,-1.2,9.62,10.38,13.37,4.22,5.12,1.71,1.73,0.37,3.73,-3.18,-1.18,-1.65,2.84,1.88,3.79,2.01,1.49,-1.34,2.31,2.37,2.86,1.67,1.79,-0.07,0.76,1.54,3.37,1.94,-1.09,0.63,-0.25,1.96,-1.36,3.75,3.15,1.36,0.21,3.14,1.21,2.0,4.31,2.96,3.47,1.88,3.01,17.55,20.12,1.59,0.59,1.29,1.41,4.09,0.35,0.08,-0.14,4.44,1.49,2.52,0.6,3.72,11.05,1.18,5.12,1.52,-2.75,-1.21,2.06,1.88,-0.77,0.78,7.46,29.2,0.78,2.71,4.74,-8.08,-5.38,1.82,2.0,3.55,0.86,0.78,6.03,-0.98,0.74,-2.48,-1.42,0.07,4.59,0.95,2.07,0.52,1.32,0.56,12.54,2.28,-0.25,1.03,2.38,2.71,3.55,0.24,0.83,4.29,4.93,20.19,1.66,6.01,2.25,1.99,5.52,4.01,1.51,1.25,3.16,0.21,2.85,2.69,0.76,2.52,2.05,-0.56,7.87,3.96,-6.79,0.0,-0.52,1.66,5.71,13.59,4.75,3.13,0.88,2.97,-2.13,1.88,5.35,5.06,1.94,3.66,0.15,3.45,6.16,6.41,0.0,0.6,2.47,3.68,3.69,2.41,4.63,1.82,4.81,-0.73,2.36,2.74,1.12,0.92,0.83,0.89,2.46,1.6,-1.94,-1.78,1.38,23.91,18.65,13.61,2.98
2020-05-01,-9.84,3.87,1.22,2.47,6.24,-3.42,7.32,5.45,4.31,3.27,4.72,1.83,0.32,14.81,21.11,19.81,15.07,16.97,5.13,1.68,11.55,4.05,8.88,9.43,7.65,11.55,7.28,6.12,1.55,4.2,4.66,2.35,6.85,9.29,0.49,8.46,9.23,4.18,6.19,4.2,-19.36,-2.74,11.31,2.83,9.08,5.05,3.81,9.01,28.5,6.79,-17.84,-12.18,10.28,-12.2,-0.71,3.28,4.83,-1.12,10.32,11.13,-4.28,11.69,4.26,-2.68,6.93,46.99,140.31,5.98,40.92,146.0,6.03,3.24,-4.3,16.82,7.15,14.4,0.08,0.65,70.85,10.85,27.79,0.63,-5.59,2.14,-1.56,-4.76,20.2,2.89,3.77,21.85,13.07,32.36,18.91,6.83,7.81,7.46,4.12,4.37,-0.07,3.98,10.59,5.44,4.85,2.29,-0.17,5.17,1.51,14.39,5.06,-1.5,23.11,-0.38,0.58,5.51,3.28,4.33,3.14,1.19,3.13,1.8,2.42,2.33,0.88,0.34,3.04,2.91,0.79,5.76,6.2,-1.2,9.62,10.38,13.37,4.22,5.12,1.71,1.73,0.37,3.73,-3.18,-1.18,-1.65,2.84,1.88,3.79,2.01,1.49,-1.34,2.31,2.37,2.86,1.67,1.79,-0.07,0.76,1.54,3.37,1.94,-1.09,0.63,-0.25,1.96,-1.36,3.75,3.15,1.36,0.21,3.14,1.21,2.0,4.31,2.96,3.47,1.88,3.01,17.55,20.12,1.59,0.59,1.29,1.41,4.09,0.35,0.08,-0.14,4.44,1.49,2.52,0.6,3.72,11.05,1.18,5.12,1.52,-2.75,-1.21,2.06,1.88,-0.77,0.78,7.46,29.2,0.78,2.71,4.74,-8.08,-5.38,1.82,2.0,3.55,0.86,0.78,6.03,-0.98,0.74,-2.48,-1.42,0.07,4.59,0.95,2.07,0.52,1.32,0.56,12.54,2.28,-0.25,1.03,2.38,2.71,3.55,0.24,0.83,4.29,4.93,20.19,1.66,6.01,2.25,1.99,5.52,4.01,1.51,1.25,3.16,0.21,2.85,2.69,0.76,2.52,2.05,-0.56,7.87,3.96,-6.79,0.0,-0.52,1.66,5.71,13.59,4.75,3.13,0.88,2.97,-2.13,1.88,5.35,5.06,1.94,3.66,0.15,3.45,6.16,6.41,0.0,0.6,2.47,3.68,3.69,2.41,4.63,1.82,4.81,-0.73,2.36,2.74,1.12,0.92,0.83,0.89,2.46,1.6,-1.94,-1.78,1.38,23.91,18.65,13.61,2.98
2020-06-01,2.43,7.68,6.23,10.0,0.14,-14.46,7.54,9.44,8.96,5.98,7.36,2.13,-7.84,9.88,21.97,8.77,12.3,10.89,8.08,4.76,24.34,16.08,14.54,25.4,-2.54,10.78,9.87,7.12,5.97,5.17,7.17,1.2,10.54,16.56,2.43,12.83,10.25,5.68,11.33,-0.71,23.15,-2.07,0.2,2.49,7.67,9.87,3.81,-6.16,10.27,2.65,-14.46,-12.18,10.28,5.47,-6.69,-10.83,2.9,-0.19,15.2,13.66,-0.68,17.06,7.02,4.2,10.24,53.52,15.69,-1.94,-12.94,39.5,-7.63,0.06,-30.48,1.63,-4.7,-1.61,-16.07,-12.53,-3.55,1.06,0.84,-12.95,-16.68,-3.92,1.67,28.65,15.24,5.67,7.11,29.6,17.8,34.61,14.68,17.84,10.57,10.14,5.82,7.47,-17.79,3.54,10.39,7.95,6.83,3.91,1.32,6.1,5.06,15.64,8.86,2.5,27.75,17.96,4.32,9.03,3.04,-0.19,5.5,1.64,3.38,3.28,2.99,3.88,1.4,0.17,6.74,3.94,1.86,13.32,23.4,23.48,28.33,12.98,15.33,6.96,9.5,6.29,6.51,8.17,14.87,-4.08,5.8,15.31,0.53,2.65,2.54,4.46,1.62,6.95,2.01,4.44,3.32,3.04,0.44,1.04,1.04,-2.36,11.06,2.99,2.2,-0.7,-1.54,3.33,-17.77,4.96,3.47,2.49,2.58,0.27,4.46,2.14,3.35,6.24,5.77,4.85,4.07,0.56,-26.02,7.88,5.69,8.09,-5.61,2.07,15.34,-1.57,-1.09,6.89,2.92,0.99,3.17,8.13,8.22,2.78,6.0,4.58,-1.1,2.27,15.46,6.16,-1.7,5.31,17.36,-19.09,0.39,2.65,8.55,-32.59,-3.25,2.66,-3.21,5.05,-2.46,3.41,-2.56,-8.91,2.71,1.37,1.88,2.81,19.65,2.73,5.38,3.1,3.01,2.33,6.67,3.41,0.68,-0.37,5.19,1.38,5.21,9.13,0.45,4.36,5.29,1.57,-1.9,7.58,4.51,2.77,2.05,10.74,3.33,5.05,8.12,6.82,2.9,16.46,-1.79,7.72,4.36,11.95,19.23,5.98,183.59,6.9,4.65,5.66,3.92,12.29,-0.75,2.31,4.69,1.67,-1.62,2.97,9.68,-38.5,4.38,5.52,2.02,19.63,11.57,7.74,0.0,-1.53,0.82,23.57,5.25,3.7,2.88,-2.58,3.48,0.36,3.21,3.04,3.2,1.83,3.86,2.07,2.88,15.18,1.06,0.56,14.69,42.88,29.73,26.2,7.82
2020-07-01,2.68,6.37,6.43,9.7,0.88,-12.86,6.35,9.44,8.46,6.1,6.93,2.68,-13.98,5.02,17.58,8.12,11.32,-2.96,6.97,5.59,23.16,9.48,15.11,23.72,7.0,10.21,7.71,6.53,4.84,7.33,7.22,1.89,13.38,16.75,2.89,12.81,8.15,5.48,11.93,-2.34,25.93,-2.94,-10.47,3.92,5.82,0.23,3.81,-5.18,5.52,0.83,3.18,1.66,10.28,5.47,-5.91,-14.61,5.9,-1.25,10.93,16.34,-1.42,15.51,4.86,0.46,8.76,68.54,8.14,2.2,-12.88,29.32,-14.07,5.75,10.9,4.86,2.62,-3.86,-14.45,-10.12,10.08,4.53,3.18,-11.13,-19.18,-2.22,2.18,30.23,12.24,4.2,5.46,25.52,18.33,31.74,16.05,21.97,10.77,7.03,5.2,5.8,-11.07,3.92,10.95,10.31,9.44,4.04,4.8,5.9,4.29,13.98,8.26,2.57,26.6,20.62,4.38,8.83,3.53,2.97,5.11,2.04,3.71,3.28,1.68,4.69,0.88,-0.08,6.14,4.62,2.58,13.41,23.9,21.41,26.28,15.73,14.66,5.92,6.19,6.39,1.4,7.29,12.86,-1.44,0.05,12.83,1.58,2.71,3.53,3.16,3.1,6.04,2.42,4.86,3.66,3.04,1.77,1.66,1.25,-3.58,8.89,2.79,1.44,0.14,-10.06,3.18,-13.95,5.6,3.34,2.2,1.79,-3.23,3.61,2.14,3.12,5.06,4.2,8.17,3.3,10.0,-12.99,7.34,10.87,7.95,7.96,2.0,11.23,6.39,-2.36,3.05,4.04,2.44,1.13,5.64,15.41,1.87,4.95,3.19,-0.22,0.64,7.18,6.96,-1.62,6.57,10.38,6.6,0.85,2.14,3.95,-32.59,-2.99,1.49,-2.77,12.56,0.86,1.64,1.1,-2.03,2.46,3.39,2.67,-0.07,0.33,1.98,3.88,2.36,2.7,2.04,7.81,2.94,0.43,-0.59,4.29,5.68,8.3,7.47,-0.95,4.04,5.48,-0.3,-3.49,6.92,3.87,2.4,4.41,11.09,3.0,4.8,11.2,13.01,3.52,16.68,-6.78,9.69,4.62,7.67,3.87,7.04,117.54,6.55,9.32,5.37,6.23,15.34,-0.41,1.59,3.87,0.43,-1.62,3.47,-1.02,-13.35,3.87,4.72,3.57,18.55,11.57,6.87,0.0,-1.3,-5.14,37.37,4.6,3.97,2.97,0.51,5.19,0.65,3.35,3.3,2.75,2.89,4.23,2.29,6.78,9.35,2.97,-2.8,7.22,45.05,38.11,29.51,6.26
2020-08-01,-0.61,6.0,5.78,9.76,0.34,-9.02,4.74,7.84,7.59,6.3,7.36,2.44,-13.98,-0.58,12.63,4.28,10.15,-4.91,6.16,6.15,22.65,9.97,14.5,23.16,12.92,8.5,10.11,6.15,5.89,6.8,6.86,-0.84,15.08,15.5,2.79,12.35,7.2,5.14,12.76,-0.93,21.89,-8.06,-7.33,4.72,7.15,-5.16,3.81,-3.3,-3.84,-5.04,3.18,4.02,10.28,5.47,4.77,-10.88,0.52,-1.64,7.14,17.95,-1.55,8.25,3.83,-0.23,7.86,79.61,-3.89,5.25,-7.57,26.86,-16.13,5.15,6.98,3.65,-0.33,-6.58,-1.61,-2.07,24.46,4.8,11.18,-5.95,-18.6,-0.65,1.37,8.53,10.42,3.9,5.44,24.84,18.17,29.55,15.47,23.27,9.65,5.58,4.53,4.42,3.74,3.33,9.8,8.54,7.31,4.62,4.46,5.03,3.68,12.71,8.01,2.22,25.33,21.46,4.9,7.68,4.14,3.49,4.98,2.57,3.83,2.95,0.95,6.1,0.44,-0.25,5.98,3.63,2.14,13.72,25.46,19.27,26.69,16.71,14.02,6.55,5.45,6.09,6.2,7.68,13.33,0.21,-0.16,14.24,1.63,2.72,3.86,1.67,3.31,6.1,2.08,4.86,3.59,3.25,2.02,1.3,1.66,-4.79,9.02,2.99,1.51,-0.77,-8.44,3.46,-11.6,4.86,3.09,2.2,2.15,0.07,3.67,2.72,2.9,5.4,3.97,11.61,3.67,12.68,-10.96,8.08,12.18,7.32,5.64,1.65,6.5,5.97,-2.17,1.91,4.48,-0.33,0.45,4.57,16.8,2.29,5.71,1.38,-3.87,-1.78,13.55,6.0,-2.07,5.33,2.82,7.84,0.85,2.55,5.89,-14.06,1.85,1.75,-2.64,12.21,2.59,0.92,0.12,-0.23,2.63,3.13,0.43,0.22,2.34,1.09,6.16,2.66,2.55,1.89,9.2,2.79,-0.08,1.7,4.6,4.6,11.01,19.59,-0.13,3.79,5.38,-0.41,-4.46,8.27,4.04,2.82,3.27,12.2,2.84,4.62,11.99,14.18,3.99,13.73,3.98,10.0,4.55,8.69,4.5,6.1,142.62,6.55,14.34,4.75,5.93,15.8,1.0,-0.4,3.84,-3.17,-1.62,4.64,0.23,29.21,4.14,4.37,3.54,18.28,11.57,6.85,0.0,-0.46,4.58,27.35,3.95,4.03,1.63,-1.79,5.62,0.87,3.63,3.22,2.74,2.59,4.45,1.91,8.82,7.22,3.83,-3.34,7.22,44.7,52.83,24.44,6.31
2020-09-01,9.96,5.13,5.2,9.0,1.3,-1.82,2.42,6.38,7.21,6.36,7.47,2.67,-13.98,-2.13,9.68,1.43,6.28,-2.9,4.22,5.84,22.45,10.33,12.98,28.19,9.96,7.26,15.62,5.64,5.98,5.87,6.63,-0.84,16.98,16.92,2.28,13.68,6.25,3.89,12.86,-1.54,21.89,1.95,0.52,6.99,6.45,-8.46,3.81,-5.9,-10.58,-5.04,3.18,15.0,10.28,5.47,17.73,-4.35,-0.73,-1.99,3.69,22.33,-1.75,8.57,0.53,-0.69,5.6,101.98,-12.52,14.62,6.45,15.18,-16.5,12.33,54.46,12.99,9.74,4.52,13.68,15.53,37.42,11.72,15.96,9.87,-19.32,6.11,1.66,-19.48,10.91,5.67,6.9,23.36,18.44,28.29,16.81,19.93,11.5,7.29,5.11,4.53,4.51,1.55,9.4,8.56,7.07,4.83,4.55,4.85,3.44,11.56,8.03,1.59,23.47,21.24,5.28,7.94,3.98,2.5,4.85,3.16,3.96,3.27,0.51,7.8,0.37,-0.17,5.97,3.55,2.5,13.8,24.18,15.99,26.53,16.88,12.49,5.82,5.84,6.26,7.52,8.43,15.94,3.36,7.48,9.07,0.11,2.92,3.65,1.8,4.02,3.98,2.07,4.84,3.44,3.11,1.83,1.65,1.31,0.28,8.24,3.39,2.55,-0.7,-14.6,3.59,-10.58,4.08,2.67,2.78,2.72,-1.68,4.09,2.56,2.56,6.68,2.21,14.31,3.11,11.4,-10.46,7.3,9.62,6.5,10.45,1.98,4.54,7.31,-2.53,3.13,5.08,-0.13,0.38,1.5,24.69,2.35,5.51,1.1,-2.13,-0.14,13.92,5.28,-0.93,5.62,1.24,8.97,1.69,1.48,-0.08,-16.42,1.52,1.48,-1.06,2.45,2.52,1.41,0.52,-0.3,3.03,5.46,0.86,1.25,-6.9,0.88,5.75,2.65,2.69,1.96,7.41,2.93,0.0,1.32,6.13,3.05,7.45,32.34,-0.44,3.78,5.42,1.02,-4.6,6.34,4.1,3.32,3.83,12.1,3.15,4.7,11.98,12.2,4.53,11.74,4.26,12.1,6.52,8.3,-0.49,1.63,141.65,6.55,18.51,5.22,6.27,16.08,1.15,1.17,3.19,-3.47,-2.2,4.03,-1.22,18.98,4.28,4.62,3.6,17.65,11.57,6.76,0.0,-0.31,4.95,14.42,3.87,3.95,1.95,1.09,4.15,1.01,3.9,3.41,2.89,3.13,4.67,2.81,10.96,0.8,4.4,-0.16,7.39,35.73,38.9,20.2,6.53
2020-10-01,9.09,3.98,4.68,8.85,2.22,8.71,0.27,5.65,6.78,6.63,7.77,2.98,-13.98,-4.0,9.03,-0.12,2.31,4.23,2.55,6.03,22.18,9.53,13.6,31.07,11.64,8.48,21.74,5.27,5.3,5.72,6.67,-2.23,18.99,18.41,3.7,16.91,4.62,3.88,14.3,-4.91,21.89,13.48,-4.03,8.74,6.12,-6.3,-7.83,-9.63,-12.47,-5.04,3.18,6.58,10.28,5.47,6.43,-3.13,0.71,-3.94,0.43,21.61,-3.06,7.4,0.12,-1.82,5.2,104.63,9.84,5.3,18.5,1.36,-19.31,12.51,17.99,10.85,14.84,17.88,25.08,15.58,26.95,11.02,7.36,11.17,-18.27,10.86,2.46,-23.7,19.26,9.26,9.33,24.12,19.31,29.07,18.49,22.16,11.54,9.44,6.54,6.64,5.97,0.45,8.23,9.67,4.85,4.6,3.21,4.99,2.84,10.33,7.76,1.59,21.65,22.87,5.73,9.19,3.97,1.27,4.96,3.55,3.74,4.04,1.46,10.18,0.44,-0.25,5.58,3.46,2.71,13.3,22.05,20.13,25.52,16.22,13.68,6.59,5.94,6.59,7.7,7.89,18.81,4.21,16.08,8.45,0.34,3.18,3.77,1.32,4.02,4.13,2.34,4.97,3.71,3.31,1.96,3.17,2.14,1.27,8.94,3.79,2.49,-0.7,-13.12,3.66,-10.97,4.06,2.9,2.84,3.01,-2.15,4.59,2.56,3.14,6.9,0.98,10.64,2.24,10.16,-13.29,8.05,6.2,5.87,9.83,2.45,4.61,8.38,-1.3,2.49,4.76,0.91,0.75,1.63,13.89,2.84,8.03,1.99,-1.03,0.14,16.78,4.95,-0.62,7.76,0.54,5.07,1.23,1.73,1.85,-7.62,2.44,0.83,-1.67,8.28,3.04,1.97,0.34,-0.3,3.36,4.26,1.29,1.25,-1.44,2.31,5.42,2.51,3.05,2.1,7.29,3.08,0.08,1.25,6.37,3.54,6.69,22.25,-0.75,4.36,5.75,0.9,2.0,6.28,4.1,3.45,4.79,12.38,3.31,5.51,10.14,8.68,4.61,11.34,3.57,12.04,6.79,8.21,-1.8,2.07,130.09,6.55,21.45,5.5,6.46,16.24,2.73,1.56,3.63,-1.13,-2.2,4.36,0.92,18.98,4.62,4.68,4.78,17.61,1.49,7.61,0.0,-2.66,1.83,3.77,2.82,4.16,1.75,1.92,5.21,1.45,3.82,3.66,2.88,2.97,4.67,2.95,0.75,1.23,4.55,-0.82,7.39,33.85,36.78,20.37,6.98
2020-11-01,7.79,2.92,3.95,8.73,4.78,8.44,-1.46,4.17,5.99,6.55,8.14,2.9,-8.19,-4.64,6.86,-0.65,-0.07,1.51,2.17,6.22,21.13,7.39,13.56,26.69,5.07,8.47,20.4,5.04,4.91,4.92,6.71,-2.09,23.51,19.98,6.77,19.66,3.71,3.49,16.2,-4.94,21.89,14.9,3.58,10.48,4.37,-7.11,-3.76,-11.1,-15.6,-5.04,3.18,6.58,10.28,5.47,8.9,-4.68,1.12,-3.55,-1.07,22.94,-3.44,5.51,-1.67,-1.29,5.05,107.0,-0.76,-5.41,9.82,-12.84,-21.6,1.8,9.6,2.92,0.34,12.64,22.55,5.28,9.3,5.84,16.21,6.73,-16.36,5.43,3.03,-24.49,21.12,10.02,10.83,21.78,19.09,21.16,20.33,23.07,11.11,9.76,6.94,6.45,5.97,0.0,7.15,9.52,4.86,4.73,4.05,4.96,1.79,9.25,7.18,1.31,20.51,24.9,6.05,10.19,4.37,1.14,5.19,4.07,4.05,4.54,0.87,12.53,0.29,-0.34,5.5,3.75,2.71,12.84,21.01,20.73,25.45,14.08,11.45,6.74,5.73,6.35,7.9,7.25,19.86,3.9,17.45,8.28,1.03,2.9,3.62,1.99,3.92,4.95,2.33,4.73,3.84,3.71,2.01,3.79,2.75,4.75,9.76,3.71,2.27,0.0,-12.18,3.86,-9.48,4.63,3.13,2.98,3.15,-2.47,4.66,2.91,3.06,7.31,1.2,8.93,4.0,2.06,-15.77,8.21,7.89,7.85,9.99,2.78,6.53,9.0,0.96,2.28,4.83,1.43,0.9,-4.42,14.75,2.97,6.53,2.46,-0.07,0.43,20.25,5.02,0.55,8.69,0.99,10.12,1.46,1.65,2.4,0.5,2.52,1.1,-1.54,8.77,3.58,2.46,-0.29,0.0,3.43,4.11,2.33,1.32,2.89,2.16,4.36,2.58,2.98,2.31,6.46,3.07,-0.08,1.39,7.04,3.53,4.37,19.73,1.66,4.59,6.06,1.27,5.43,5.52,4.79,3.59,4.71,13.18,3.62,5.42,10.01,9.57,4.67,11.12,1.79,12.15,7.38,8.66,-8.08,-0.38,130.09,6.55,24.05,6.07,6.64,16.12,3.89,1.87,3.63,-7.91,1.49,4.54,-1.83,19.23,4.81,4.6,4.7,17.3,-4.56,7.65,0.0,-6.06,-2.33,5.57,2.81,4.15,2.38,2.11,5.27,1.82,3.66,3.66,2.58,3.27,4.59,3.54,-5.0,2.11,4.34,-0.82,7.7,33.0,40.09,21.94,7.31
2020-12-01,9.48,1.59,2.96,8.27,5.38,5.17,-3.28,2.93,5.0,6.75,7.99,2.97,-13.98,-4.72,4.49,-4.06,-1.8,1.2,2.12,6.25,20.48,8.02,12.58,23.47,-5.83,6.66,16.02,3.98,5.04,4.54,6.0,0.63,26.05,21.33,10.97,22.55,2.81,3.28,18.67,-4.03,21.89,-0.84,-0.62,12.03,4.06,-3.39,-4.33,-12.36,-16.46,-5.04,3.18,6.58,10.28,5.47,14.47,2.68,7.72,-0.97,0.36,22.75,-4.38,2.46,-2.85,-1.44,3.84,43.17,-46.48,-15.97,-7.5,-19.11,-25.55,-4.23,15.95,-5.68,-22.35,-5.78,16.24,-2.17,2.03,-0.57,-3.1,0.31,-12.26,0.79,3.38,-26.47,19.09,8.95,10.26,19.52,17.69,14.28,21.84,22.15,11.24,10.89,7.0,6.27,8.16,-0.45,5.81,6.19,4.53,4.87,5.06,5.45,1.19,8.03,6.6,1.1,19.17,24.92,6.09,10.63,4.49,1.07,5.29,4.45,4.3,4.85,0.72,14.62,0.22,-0.42,5.64,3.9,2.86,12.75,20.68,25.81,24.7,15.12,12.78,7.11,6.21,6.68,8.26,7.33,18.43,3.87,14.11,8.02,1.14,3.55,3.75,2.11,4.2,4.53,2.6,4.79,3.97,3.7,2.26,3.58,2.68,3.85,13.06,3.76,2.13,2.51,-18.52,4.2,-8.17,5.02,3.47,3.11,3.43,-2.53,5.07,3.35,3.08,8.2,1.05,6.72,3.61,9.19,-14.83,8.26,10.76,8.5,6.25,2.76,8.68,10.31,1.77,2.44,4.89,2.28,0.97,-3.24,16.51,3.17,3.21,2.65,0.3,0.0,21.33,4.46,0.78,9.45,0.84,4.44,1.62,0.91,2.47,0.71,4.34,1.93,-1.23,10.89,3.77,3.17,-1.53,-0.08,3.84,4.36,2.9,0.95,2.43,2.7,6.03,2.72,3.35,2.3,5.05,3.21,-0.25,1.68,7.45,3.58,3.31,9.34,1.34,5.28,6.46,1.57,3.76,4.98,5.07,3.93,4.37,13.51,4.24,5.74,11.27,13.13,4.5,12.15,2.26,12.05,7.43,7.61,-16.33,-0.81,128.37,6.55,20.14,7.03,3.22,6.36,4.37,4.54,4.96,-8.01,1.4,5.13,-2.73,19.6,4.45,4.9,5.23,17.07,-3.25,8.06,0.0,-5.75,2.8,6.08,2.88,4.37,2.0,1.79,4.43,2.18,3.72,3.72,2.36,3.65,5.27,3.61,-6.29,3.41,3.83,-1.07,7.7,30.66,44.69,24.0,7.51
2021-01-01,9.48,1.11,1.9,7.82,4.44,4.35,-4.85,1.21,3.88,6.58,7.23,3.13,22.67,-5.77,2.34,-9.51,-4.48,-4.05,1.8,6.36,19.52,8.09,14.67,16.89,4.21,5.25,12.91,2.73,5.43,4.25,5.23,0.21,24.66,21.42,10.83,24.07,1.12,1.64,19.04,-3.61,21.89,-8.35,-1.73,13.21,4.47,3.91,-4.33,-8.78,-12.53,-5.04,3.18,6.58,-7.8,5.47,19.39,3.96,14.77,1.81,3.17,22.01,-4.7,2.18,-3.4,-0.91,3.22,-9.72,-36.16,-16.15,-21.76,-22.05,-28.91,-4.13,-3.65,-9.94,-27.56,-13.72,16.91,-4.81,-16.57,-4.75,-29.99,0.99,-4.83,1.59,4.05,-25.44,16.13,7.76,8.84,15.63,14.66,10.96,20.16,19.93,11.53,9.91,6.18,5.2,8.03,-1.27,3.03,6.07,5.49,5.16,5.9,5.73,0.37,6.77,5.88,0.34,15.67,25.0,5.93,10.11,4.55,1.39,5.63,4.7,5.12,5.01,0.94,16.35,-0.15,-0.42,5.26,4.11,2.78,12.62,20.93,27.36,23.16,15.36,14.06,7.28,6.98,7.02,8.61,7.18,20.27,3.98,13.33,8.17,2.36,4.34,4.13,2.76,4.83,4.38,3.0,5.13,4.17,3.83,2.7,4.21,3.66,3.9,12.56,4.15,2.34,3.06,-17.69,4.68,-8.25,5.92,3.64,3.46,3.78,-2.32,5.71,3.48,3.05,8.51,0.9,6.58,3.6,10.82,-9.6,9.9,10.61,8.54,6.18,2.28,8.76,12.35,2.65,3.09,4.79,2.14,1.35,-3.47,12.43,3.37,4.29,3.18,2.98,0.29,22.28,4.31,1.17,8.31,1.6,7.83,2.54,1.32,3.47,-5.81,4.1,1.99,-0.37,14.11,3.16,2.18,-1.2,0.15,4.49,3.56,2.88,1.17,6.16,3.03,5.35,2.35,3.64,2.37,4.05,3.06,0.0,1.76,7.92,2.95,1.93,8.17,1.26,4.89,6.63,1.44,3.89,4.12,5.63,3.99,4.03,15.05,5.34,5.99,12.53,12.79,4.4,12.15,2.05,12.08,7.26,7.27,-17.7,1.88,141.78,6.55,20.14,7.1,2.76,4.52,4.06,4.45,6.5,-7.58,2.03,5.37,-3.33,9.64,4.37,5.22,5.54,13.81,-2.15,8.03,0.0,-6.24,-1.05,6.2,3.22,4.43,1.5,2.81,5.32,2.62,3.64,3.9,2.43,3.79,5.5,3.6,-7.82,4.33,3.9,-1.48,7.7,25.46,43.89,21.68,8.13
2021-02-01,9.48,0.9,1.84,7.0,4.03,3.95,-5.4,0.27,3.59,6.62,6.52,2.96,23.1,-8.47,0.52,-11.73,-4.89,-11.14,2.33,5.98,18.91,7.61,14.76,15.75,-6.75,3.96,11.2,2.58,5.41,4.3,4.19,0.28,25.56,23.04,10.78,26.33,0.13,0.94,21.15,-2.54,21.89,-4.87,-3.64,10.14,4.82,6.89,-4.33,0.66,-14.74,-5.04,3.18,6.58,-14.12,5.47,23.68,1.89,13.89,2.86,5.76,15.87,-4.97,2.43,-4.49,1.3,2.0,-21.27,2.45,-8.73,-19.08,-23.95,-29.59,-1.81,4.04,-9.07,-15.12,-9.81,14.8,2.59,-25.08,-4.64,-26.27,6.43,7.56,2.22,4.17,-21.38,16.28,6.97,8.09,13.08,12.96,10.11,19.95,17.31,12.7,7.7,5.25,5.25,6.83,-1.46,2.36,8.26,5.6,4.92,8.37,5.71,-0.15,5.36,5.26,-0.62,13.68,24.14,5.92,10.58,4.53,1.51,5.73,4.95,5.42,5.31,1.15,17.47,-0.29,-0.51,4.96,4.25,2.84,11.63,21.34,22.53,21.33,15.36,14.32,7.35,7.82,7.4,8.2,5.08,20.85,4.96,12.92,7.45,2.64,5.06,4.31,3.41,5.45,4.7,3.59,5.61,4.65,4.23,3.07,3.8,3.31,3.65,11.5,4.87,3.03,3.7,-18.44,5.22,-7.92,6.54,4.04,3.52,3.99,-1.79,5.99,4.13,2.97,9.15,1.27,7.26,3.22,7.98,-5.04,13.42,20.69,10.0,6.38,1.73,8.11,13.13,3.54,3.42,5.0,2.84,1.35,-2.48,10.43,3.85,4.36,3.74,3.65,0.5,23.25,4.8,1.4,11.74,2.14,-3.74,3.16,1.65,4.37,-4.32,5.36,1.79,0.43,18.84,4.34,1.9,-3.87,0.15,4.81,4.5,2.66,1.25,6.82,3.36,6.41,2.65,3.48,2.15,2.13,3.13,0.17,2.12,8.41,3.13,2.95,8.98,2.15,5.27,6.88,1.51,4.16,3.58,6.09,4.26,4.3,17.02,6.34,6.74,20.67,22.57,4.07,12.02,2.04,11.83,7.65,6.69,-16.39,1.87,133.0,6.55,19.91,6.9,2.75,4.36,4.29,6.54,7.88,-9.41,-15.74,5.44,-5.61,6.29,4.7,5.26,5.75,3.73,-2.99,8.58,0.0,-3.89,0.0,5.29,3.28,4.57,1.56,2.68,6.63,3.15,3.85,4.03,2.5,4.17,5.57,3.89,-7.2,2.79,3.88,-1.48,7.14,16.64,46.94,18.19,8.28
2021-03-01,9.48,0.9,1.84,7.0,4.03,3.95,-5.4,0.27,3.59,6.62,6.52,2.96,23.1,-8.47,0.52,-11.73,-4.89,-11.14,2.33,5.98,18.91,7.61,14.76,15.75,-6.75,3.96,11.2,2.58,5.41,4.3,4.19,0.28,25.56,23.04,10.78,26.33,0.13,0.94,21.15,-2.54,21.89,-4.87,-3.64,10.14,4.82,6.89,-4.33,0.66,-14.74,-5.04,3.18,6.58,-14.12,5.47,23.68,1.89,13.89,2.86,5.76,15.87,-4.97,2.43,-4.49,1.3,2.0,-21.27,2.45,-8.73,-19.08,-23.95,-29.59,-1.81,4.04,-9.07,-15.12,-9.81,14.8,2.59,-25.08,-4.64,-26.27,6.43,7.56,2.22,4.17,-21.38,16.28,6.97,8.09,13.08,12.96,10.11,19.95,17.31,12.7,7.7,5.25,5.25,6.83,-1.46,2.36,8.26,5.6,4.92,8.37,5.71,-0.15,5.36,5.26,-0.62,13.68,24.14,5.92,10.58,4.53,1.51,5.73,4.95,5.42,5.31,1.15,17.47,-0.29,-0.51,4.96,4.25,2.84,11.63,21.34,22.53,21.33,15.36,14.32,7.35,7.82,7.4,8.2,5.08,20.85,4.96,12.92,7.45,2.64,5.06,4.31,3.41,5.45,4.7,3.59,5.61,4.65,4.23,3.07,3.8,3.31,3.65,11.5,4.87,3.03,3.7,-18.44,5.22,-7.92,6.54,4.04,3.52,3.99,-1.79,5.99,4.13,2.97,9.15,1.27,7.26,3.22,7.98,-5.04,13.42,20.69,10.0,6.38,1.73,8.11,13.13,3.54,3.42,5.0,2.84,1.35,-2.48,10.43,3.85,4.36,3.74,3.65,0.5,23.25,4.8,1.4,11.74,2.14,-3.74,3.16,1.65,4.37,-4.32,5.36,1.79,0.43,18.84,4.34,1.9,-3.87,0.15,4.81,4.5,2.66,1.25,6.82,3.36,6.41,2.65,3.48,2.15,2.13,3.13,0.17,2.12,8.41,3.13,2.95,8.98,2.15,5.27,6.88,1.51,4.16,3.58,6.09,4.26,4.3,17.02,6.34,6.74,20.67,22.57,4.07,12.02,2.04,11.83,7.65,6.69,-16.39,1.87,133.0,6.55,19.91,6.9,2.75,4.36,4.29,6.54,7.88,-9.41,-15.74,5.44,-5.61,6.29,4.7,5.26,5.75,3.73,-2.99,8.58,0.0,-3.89,0.0,5.29,3.28,4.57,1.56,2.68,6.63,3.15,3.85,4.03,2.5,4.17,5.57,3.89,-7.2,2.79,3.88,-1.48,7.14,16.64,46.94,18.19,8.28
2021-04-01,9.48,0.9,1.84,7.0,4.03,3.95,-5.4,0.27,3.59,6.62,6.52,2.96,23.1,-8.47,0.52,-11.73,-4.89,-11.14,2.33,5.98,18.91,7.61,14.76,15.75,-6.75,3.96,11.2,2.58,5.41,4.3,4.19,0.28,25.56,23.04,10.78,26.33,0.13,0.94,21.15,-2.54,21.89,-4.87,-3.64,10.14,4.82,6.89,-4.33,0.66,-14.74,-5.04,3.18,6.58,-14.12,5.47,23.68,1.89,13.89,2.86,5.76,15.87,-4.97,2.43,-4.49,1.3,2.0,-21.27,2.45,-8.73,-19.08,-23.95,-29.59,-1.81,4.04,-9.07,-15.12,-9.81,14.8,2.59,-25.08,-4.64,-26.27,6.43,7.56,2.22,4.17,-21.38,16.28,6.97,8.09,13.08,12.96,10.11,19.95,17.31,12.7,7.7,5.25,5.25,6.83,-1.46,2.36,8.26,5.6,4.92,8.37,5.71,-0.15,5.36,5.26,-0.62,13.68,24.14,5.92,10.58,4.53,1.51,5.73,4.95,5.42,5.31,1.15,17.47,-0.29,-0.51,4.96,4.25,2.84,11.63,21.34,22.53,21.33,15.36,14.32,7.35,7.82,7.4,8.2,5.08,20.85,4.96,12.92,7.45,2.64,5.06,4.31,3.41,5.45,4.7,3.59,5.61,4.65,4.23,3.07,3.8,3.31,3.65,11.5,4.87,3.03,3.7,-18.44,5.22,-7.92,6.54,4.04,3.52,3.99,-1.79,5.99,4.13,2.97,9.15,1.27,7.26,3.22,7.98,-5.04,13.42,20.69,10.0,6.38,1.73,8.11,13.13,3.54,3.42,5.0,2.84,1.35,-2.48,10.43,3.85,4.36,3.74,3.65,0.5,23.25,4.8,1.4,11.74,2.14,-3.74,3.16,1.65,4.37,-4.32,5.36,1.79,0.43,18.84,4.34,1.9,-3.87,0.15,4.81,4.5,2.66,1.25,6.82,3.36,6.41,2.65,3.48,2.15,2.13,3.13,0.17,2.12,8.41,3.13,2.95,8.98,2.15,5.27,6.88,1.51,4.16,3.58,6.09,4.26,4.3,17.02,6.34,6.74,20.67,22.57,4.07,12.02,2.04,11.83,7.65,6.69,-16.39,1.87,133.0,6.55,19.91,6.9,2.75,4.36,4.29,6.54,7.88,-9.41,-15.74,5.44,-5.61,6.29,4.7,5.26,5.75,3.73,-2.99,8.58,0.0,-3.89,0.0,5.29,3.28,4.57,1.56,2.68,6.63,3.15,3.85,4.03,2.5,4.17,5.57,3.89,-7.2,2.79,3.88,-1.48,7.14,16.64,46.94,18.19,8.28
2021-05-01,9.48,0.9,1.84,7.0,4.03,3.95,-5.4,0.27,3.59,6.62,6.52,2.96,23.1,-8.47,0.52,-11.73,-4.89,-11.14,2.33,5.98,18.91,7.61,14.76,15.75,-6.75,3.96,11.2,2.58,5.41,4.3,4.19,0.28,25.56,23.04,10.78,26.33,0.13,0.94,21.15,-2.54,21.89,-4.87,-3.64,10.14,4.82,6.89,-4.33,0.66,-14.74,-5.04,3.18,6.58,-14.12,5.47,23.68,1.89,13.89,2.86,5.76,15.87,-4.97,2.43,-4.49,1.3,2.0,-21.27,2.45,-8.73,-19.08,-23.95,-29.59,-1.81,4.04,-9.07,-15.12,-9.81,14.8,2.59,-25.08,-4.64,-26.27,6.43,7.56,2.22,4.17,-21.38,16.28,6.97,8.09,13.08,12.96,10.11,19.95,17.31,12.7,7.7,5.25,5.25,6.83,-1.46,2.36,8.26,5.6,4.92,8.37,5.71,-0.15,5.36,5.26,-0.62,13.68,24.14,5.92,10.58,4.53,1.51,5.73,4.95,5.42,5.31,1.15,17.47,-0.29,-0.51,4.96,4.25,2.84,11.63,21.34,22.53,21.33,15.36,14.32,7.35,7.82,7.4,8.2,5.08,20.85,4.96,12.92,7.45,2.64,5.06,4.31,3.41,5.45,4.7,3.59,5.61,4.65,4.23,3.07,3.8,3.31,3.65,11.5,4.87,3.03,3.7,-18.44,5.22,-7.92,6.54,4.04,3.52,3.99,-1.79,5.99,4.13,2.97,9.15,1.27,7.26,3.22,7.98,-5.04,13.42,20.69,10.0,6.38,1.73,8.11,13.13,3.54,3.42,5.0,2.84,1.35,-2.48,10.43,3.85,4.36,3.74,3.65,0.5,23.25,4.8,1.4,11.74,2.14,-3.74,3.16,1.65,4.37,-4.32,5.36,1.79,0.43,18.84,4.34,1.9,-3.87,0.15,4.81,4.5,2.66,1.25,6.82,3.36,6.41,2.65,3.48,2.15,2.13,3.13,0.17,2.12,8.41,3.13,2.95,8.98,2.15,5.27,6.88,1.51,4.16,3.58,6.09,4.26,4.3,17.02,6.34,6.74,20.67,22.57,4.07,12.02,2.04,11.83,7.65,6.69,-16.39,1.87,133.0,6.55,19.91,6.9,2.75,4.36,4.29,6.54,7.88,-9.41,-15.74,5.44,-5.61,6.29,4.7,5.26,5.75,3.73,-2.99,8.58,0.0,-3.89,0.0,5.29,3.28,4.57,1.56,2.68,6.63,3.15,3.85,4.03,2.5,4.17,5.57,3.89,-7.2,2.79,3.88,-1.48,7.14,16.64,46.94,18.19,8.28
2021-06-01,9.48,0.9,1.84,7.0,4.03,3.95,-5.4,0.27,3.59,6.62,6.52,2.96,23.1,-8.47,0.52,-11.73,-4.89,-11.14,2.33,5.98,18.91,7.61,14.76,15.75,-6.75,3.96,11.2,2.58,5.41,4.3,4.19,0.28,25.56,23.04,10.78,26.33,0.13,0.94,21.15,-2.54,21.89,-4.87,-3.64,10.14,4.82,6.89,-4.33,0.66,-14.74,-5.04,3.18,6.58,-14.12,5.47,23.68,1.89,13.89,2.86,5.76,15.87,-4.97,2.43,-4.49,1.3,2.0,-21.27,2.45,-8.73,-19.08,-23.95,-29.59,-1.81,4.04,-9.07,-15.12,-9.81,14.8,2.59,-25.08,-4.64,-26.27,6.43,7.56,2.22,4.17,-21.38,16.28,6.97,8.09,13.08,12.96,10.11,19.95,17.31,12.7,7.7,5.25,5.25,6.83,-1.46,2.36,8.26,5.6,4.92,8.37,5.71,-0.15,5.36,5.26,-0.62,13.68,24.14,5.92,10.58,4.53,1.51,5.73,4.95,5.42,5.31,1.15,17.47,-0.29,-0.51,4.96,4.25,2.84,11.63,21.34,22.53,21.33,15.36,14.32,7.35,7.82,7.4,8.2,5.08,20.85,4.96,12.92,7.45,2.64,5.06,4.31,3.41,5.45,4.7,3.59,5.61,4.65,4.23,3.07,3.8,3.31,3.65,11.5,4.87,3.03,3.7,-18.44,5.22,-7.92,6.54,4.04,3.52,3.99,-1.79,5.99,4.13,2.97,9.15,1.27,7.26,3.22,7.98,-5.04,13.42,20.69,10.0,6.38,1.73,8.11,13.13,3.54,3.42,5.0,2.84,1.35,-2.48,10.43,3.85,4.36,3.74,3.65,0.5,23.25,4.8,1.4,11.74,2.14,-3.74,3.16,1.65,4.37,-4.32,5.36,1.79,0.43,18.84,4.34,1.9,-3.87,0.15,4.81,4.5,2.66,1.25,6.82,3.36,6.41,2.65,3.48,2.15,2.13,3.13,0.17,2.12,8.41,3.13,2.95,8.98,2.15,5.27,6.88,1.51,4.16,3.58,6.09,4.26,4.3,17.02,6.34,6.74,20.67,22.57,4.07,12.02,2.04,11.83,7.65,6.69,-16.39,1.87,133.0,6.55,19.91,6.9,2.75,4.36,4.29,6.54,7.88,-9.41,-15.74,5.44,-5.61,6.29,4.7,5.26,5.75,3.73,-2.99,8.58,0.0,-3.89,0.0,5.29,3.28,4.57,1.56,2.68,6.63,3.15,3.85,4.03,2.5,4.17,5.57,3.89,-7.2,2.79,3.88,-1.48,7.14,16.64,46.94,18.19,8.28
2021-07-01,-3.44,-1.06,-1.81,1.99,5.5,16.13,-4.75,-3.54,-0.32,5.32,5.09,2.61,6.06,-10.68,0.75,-8.2,-3.47,3.72,2.6,6.63,7.43,9.08,14.23,15.2,12.77,1.87,20.82,2.74,6.25,0.98,2.86,3.51,40.7,23.79,13.7,42.23,0.64,-0.06,38.5,3.05,-4.81,17.4,10.0,10.0,5.12,6.66,-4.33,22.58,13.96,-10.75,5.87,-6.39,-14.12,5.47,30.11,16.23,8.6,5.88,4.04,10.76,-4.88,-1.8,-4.58,7.85,3.39,-33.82,29.71,0.15,18.87,-5.52,-28.61,0.82,-38.88,2.95,0.33,-1.6,7.67,13.82,4.87,4.54,0.11,8.78,11.13,4.21,12.78,-40.55,12.52,9.24,9.84,3.82,9.43,6.08,13.27,2.74,12.08,9.75,5.64,7.94,20.78,-1.8,0.43,7.64,-8.81,3.88,3.95,5.72,-0.94,3.99,7.2,5.22,8.86,-3.71,5.81,12.96,5.61,3.76,5.04,7.62,7.79,6.53,7.48,17.98,0.58,-0.34,3.31,4.05,3.56,3.33,4.05,15.26,3.06,1.21,6.55,7.17,10.64,3.51,8.26,4.71,-6.62,10.88,18.63,-4.35,4.09,6.76,6.24,6.71,6.77,5.18,6.16,6.96,6.25,6.11,5.16,4.82,6.5,8.36,4.83,7.96,4.67,9.29,12.42,8.52,9.26,4.74,4.2,5.7,7.03,5.9,7.1,7.35,3.73,8.06,2.35,1.22,3.86,30.77,46.53,12.83,24.27,8.16,-1.92,6.28,1.11,19.67,10.03,10.2,7.49,4.05,6.11,2.2,9.54,6.46,7.3,7.11,15.93,2.89,13.61,3.89,6.26,7.11,4.07,-1.16,5.67,2.42,5.96,-4.32,11.2,0.0,8.14,4.95,11.39,7.07,1.94,4.82,5.69,4.17,7.94,8.54,8.88,5.09,7.8,4.03,5.9,4.27,-2.79,3.59,0.68,4.39,9.51,4.13,1.49,-2.05,8.52,6.45,8.66,3.34,10.91,4.46,5.36,6.63,3.4,11.24,8.28,8.05,23.7,22.71,5.3,11.63,9.7,6.49,8.38,2.1,-21.66,2.49,27.51,10.41,13.17,5.84,1.93,4.6,9.33,15.31,11.04,-3.44,0.87,6.37,4.75,37.81,5.53,4.19,6.38,-20.03,-2.99,6.97,0.0,-0.31,8.52,-11.14,3.27,3.96,1.78,7.65,8.08,6.38,5.31,5.75,4.55,5.77,4.06,4.04,-7.56,8.49,6.39,-1.07,0.15,-2.73,30.64,12.98,6.67
2021-08-01,-0.24,-1.2,-1.48,1.44,5.6,11.22,-4.2,-2.86,0.13,4.72,5.17,2.99,6.06,-8.59,0.12,-6.07,-3.09,5.6,2.59,6.32,7.5,8.13,13.33,17.97,9.03,2.25,16.26,2.8,6.51,1.25,3.24,7.98,40.8,23.72,10.94,43.97,1.1,0.19,39.64,2.66,-10.9,20.27,3.92,7.52,4.85,3.17,-4.33,10.58,9.21,-0.95,5.87,-13.84,-14.12,5.47,14.34,17.19,8.94,7.3,4.4,7.79,-3.47,3.47,-0.28,9.6,5.36,-39.59,23.98,2.59,13.62,-10.68,-29.35,0.39,-34.53,-0.69,-3.55,-4.1,-3.21,1.46,-7.57,1.33,-10.69,-2.58,8.25,-0.79,13.98,-40.55,12.32,9.28,9.23,2.23,9.67,6.46,11.52,0.39,12.52,9.68,6.01,9.45,3.54,-0.9,0.78,8.69,-6.75,3.43,4.42,5.85,-0.72,3.27,7.42,5.83,8.84,-4.72,5.22,14.19,4.83,3.81,5.2,7.83,7.75,7.67,8.26,17.24,1.31,-0.17,3.51,5.03,3.7,3.25,1.83,16.1,1.78,-0.06,5.36,6.76,12.61,4.15,3.11,4.09,-3.59,11.37,17.4,-5.17,4.08,7.93,6.47,8.1,8.24,5.62,7.03,7.22,7.0,6.36,5.64,5.02,6.48,9.12,4.41,8.52,5.28,11.22,8.3,8.76,6.9,5.7,4.47,6.4,7.28,3.02,7.76,7.89,3.78,7.66,2.79,-1.73,3.32,35.27,44.37,14.11,23.61,9.03,-2.25,6.43,1.38,19.83,10.66,11.74,8.22,7.26,8.03,4.88,8.62,6.84,6.43,8.83,19.13,6.02,7.1,4.91,6.73,7.7,8.01,-2.29,5.8,2.25,2.74,6.21,7.34,0.13,9.03,10.26,10.05,7.44,2.59,3.01,5.92,5.51,10.34,8.2,7.0,7.83,7.46,4.32,6.26,4.06,-2.6,3.74,1.36,4.86,9.89,5.64,0.34,-11.97,7.04,7.08,8.55,3.21,13.39,3.11,5.63,6.32,3.69,10.25,9.36,8.35,24.01,22.06,5.27,11.69,-0.73,6.46,8.9,2.14,-20.78,3.73,20.83,10.41,7.75,6.01,1.66,4.0,8.87,17.44,11.02,2.65,8.39,5.4,3.75,-7.01,5.5,4.63,5.65,-19.32,-2.99,6.75,0.0,-0.84,-0.51,-6.48,3.6,3.81,2.54,9.85,5.89,7.15,5.22,5.93,4.83,6.38,3.68,4.4,-9.24,9.76,6.49,-0.82,0.74,-10.09,4.03,4.43,6.82
2021-09-01,-4.12,-0.8,-1.22,1.64,4.04,8.53,-1.97,-2.15,0.0,4.93,5.63,2.98,6.06,-7.57,-1.8,-3.05,-1.01,3.86,2.66,6.91,7.44,6.43,13.93,14.52,9.21,2.15,7.06,3.13,5.98,2.31,2.98,8.5,44.87,21.53,6.47,43.61,1.36,1.87,41.96,-0.93,-10.9,3.76,2.32,5.49,6.16,2.28,-4.33,5.74,9.13,-0.95,5.87,-9.9,-14.12,5.47,-1.43,13.71,9.26,8.94,5.69,3.55,-1.46,5.2,5.47,11.44,8.66,-47.32,-9.55,-9.84,1.09,-16.08,-28.65,-5.64,-45.57,-11.6,-7.35,-14.68,-16.04,-13.95,-13.08,-10.8,-13.88,-12.38,7.98,-9.19,14.28,-15.94,11.51,8.48,9.11,2.43,11.64,6.88,8.23,0.95,12.88,7.66,6.11,9.44,2.09,3.6,0.56,8.42,-6.86,3.35,4.83,6.03,-0.72,3.2,7.15,6.96,8.25,-6.94,5.2,15.49,4.89,3.56,5.84,7.91,8.18,7.75,8.7,15.92,1.39,-0.25,3.51,5.03,3.42,3.79,2.28,17.45,1.45,-0.79,4.01,7.35,12.62,4.3,3.2,3.95,-4.44,12.03,9.45,-0.5,3.42,8.31,7.11,8.66,8.47,6.27,7.34,7.68,7.73,6.63,6.39,4.25,6.34,7.52,3.87,8.67,4.98,10.57,14.45,9.07,6.18,6.44,4.87,6.51,7.46,5.34,8.2,7.93,3.52,6.72,4.24,-3.51,3.16,41.35,44.27,16.13,23.21,9.12,-2.7,5.5,0.53,15.9,12.2,10.47,8.18,6.49,8.32,5.59,8.32,7.1,6.84,9.45,17.87,5.6,9.66,5.7,7.12,7.72,9.81,-4.35,5.21,3.9,4.7,12.94,10.88,-0.25,10.51,16.83,10.43,7.74,1.66,3.09,5.57,3.06,9.83,7.33,16.16,8.74,9.97,4.53,6.02,3.85,-2.21,3.73,1.36,5.0,8.72,7.72,3.7,-20.27,8.14,7.22,8.5,3.57,14.32,3.55,5.97,6.01,4.6,10.8,10.09,8.58,22.17,22.38,5.38,15.04,-0.2,4.63,6.7,2.32,-15.64,5.19,32.41,10.41,3.96,5.88,0.95,3.48,8.47,14.4,12.77,3.95,8.39,6.3,1.23,1.85,5.62,4.23,5.77,-19.32,-2.99,6.8,0.0,0.84,-1.09,2.47,3.86,3.8,2.22,6.9,6.41,7.79,4.84,5.9,5.04,6.07,3.89,4.02,-10.5,17.06,6.33,-0.82,3.59,-7.7,3.65,0.64,6.63
2021-10-01,-2.98,0.07,-1.02,0.95,2.04,-4.51,0.27,-1.3,0.58,4.26,5.78,3.12,2.56,-6.31,-3.05,-1.9,2.32,-3.88,3.78,6.87,7.12,6.59,14.0,12.33,3.85,1.69,-1.38,3.12,6.51,2.77,3.03,10.43,47.45,19.63,3.37,39.08,1.95,2.37,41.92,1.82,-10.9,-7.5,3.25,2.24,7.16,0.61,5.45,4.46,7.75,-0.95,5.87,-7.63,-14.12,5.47,6.51,8.51,7.62,11.39,8.76,2.95,0.06,4.01,5.7,13.16,9.3,-47.49,-23.49,-4.67,-12.43,-17.99,-23.94,0.0,-8.36,-0.75,-7.26,-21.24,-21.76,-10.82,-7.83,-9.7,-4.25,-6.41,9.03,-8.54,14.03,-8.82,3.55,5.47,7.41,1.46,12.71,4.09,6.44,-1.48,13.79,6.03,4.77,9.57,0.81,6.33,2.81,6.68,-6.32,3.42,5.75,6.49,0.15,3.43,7.06,7.5,7.49,-9.17,5.42,16.44,5.0,4.7,5.94,7.81,8.48,7.64,7.75,13.89,1.75,-0.25,3.5,4.65,3.34,4.28,3.06,15.01,1.51,-1.46,2.36,6.69,13.8,4.07,2.8,4.57,-6.98,11.01,6.85,0.39,3.07,8.61,7.39,9.2,8.94,7.07,7.64,7.85,7.97,6.73,6.87,4.34,6.15,6.88,2.91,9.22,5.73,10.64,13.18,9.39,6.84,6.41,4.97,6.77,7.92,6.31,8.72,8.12,3.42,6.57,4.54,-0.37,2.41,43.59,47.93,18.35,32.45,11.75,-3.37,5.51,3.29,15.03,11.96,10.71,9.52,5.67,8.2,6.93,8.17,7.13,4.85,9.23,17.14,6.67,7.32,5.71,7.49,7.06,10.19,-4.63,6.07,4.13,3.34,2.4,9.79,0.51,12.33,13.02,10.78,8.71,1.89,3.09,5.39,4.65,9.66,7.78,9.73,8.02,11.33,5.32,5.72,3.5,-2.42,3.5,1.78,4.99,9.04,7.81,3.77,-13.76,7.71,6.89,8.25,4.0,7.9,4.06,6.18,5.92,4.8,10.88,10.99,8.03,27.28,31.76,6.19,15.87,0.6,5.11,7.12,1.91,-13.39,4.92,32.19,10.41,4.03,5.95,0.87,3.71,7.5,16.22,13.52,0.79,8.39,6.83,-0.61,2.57,5.73,4.22,5.52,-17.26,6.85,6.0,0.0,3.13,1.12,16.85,4.68,3.79,2.4,6.35,3.84,8.57,4.97,5.87,5.32,6.43,4.32,3.87,-1.91,16.68,6.33,-0.17,5.95,-6.37,5.73,-0.19,6.41
2021-11-01,-1.81,0.95,-0.88,0.34,-0.45,-4.27,2.42,0.26,0.91,4.54,5.81,3.35,2.86,-6.43,-3.5,0.6,4.89,-1.31,3.47,6.97,6.94,9.14,13.63,8.53,5.43,0.49,-1.31,3.31,6.62,3.17,2.89,10.33,43.17,16.16,-1.1,33.0,2.34,3.62,40.22,3.19,-10.9,-2.02,1.17,1.03,8.42,6.53,-1.54,4.4,8.67,-0.95,5.87,-7.63,-14.12,5.47,8.85,10.21,10.35,11.45,9.6,0.53,0.71,2.32,5.22,13.66,8.62,-45.36,-30.75,16.09,-2.24,-17.51,-18.9,8.62,31.59,10.42,16.01,-12.97,-15.85,5.41,1.72,0.18,3.76,5.44,11.29,-0.52,14.07,-7.86,-0.25,3.8,5.71,0.25,12.85,1.92,3.19,-2.11,13.67,5.5,3.92,8.67,0.81,7.08,4.19,6.17,-5.82,3.33,5.56,6.54,0.95,3.54,7.05,9.08,5.21,-11.0,5.09,16.85,4.58,5.0,5.97,7.7,8.54,7.53,8.2,11.59,1.46,-0.17,3.7,4.34,3.61,4.05,3.34,12.8,0.91,-0.79,2.19,6.48,14.48,4.17,2.46,5.04,-7.0,11.6,5.44,0.06,2.2,9.36,8.07,11.84,8.56,6.88,8.01,8.16,8.34,6.83,7.34,4.25,6.17,8.99,5.76,9.77,6.4,10.08,12.91,9.55,6.8,6.53,4.89,7.24,8.32,6.93,9.24,8.28,3.47,6.75,4.53,0.88,-1.74,44.08,71.06,17.69,24.49,8.46,-3.37,5.15,2.87,11.74,9.35,10.45,10.06,6.49,8.39,7.13,7.25,7.37,7.9,10.69,18.3,7.09,4.57,4.93,8.02,5.42,9.46,-8.44,6.07,5.02,4.08,-5.08,10.5,0.83,12.99,12.12,11.06,8.59,2.47,3.79,5.45,4.2,9.73,8.13,5.1,8.2,12.54,5.38,5.86,3.35,-0.61,3.34,2.04,5.27,8.83,7.89,6.01,-11.88,7.03,6.81,7.99,3.51,7.82,4.87,5.8,5.91,5.1,10.29,11.62,8.57,23.69,22.39,6.32,15.77,2.09,5.39,7.12,2.68,-9.23,11.93,33.53,10.41,1.84,5.63,0.52,3.49,6.53,15.25,14.72,6.32,8.39,7.4,0.85,2.93,5.84,4.33,5.81,-17.26,13.19,5.71,0.0,7.66,3.16,13.62,4.54,3.85,1.96,6.27,4.31,9.27,5.03,5.98,5.9,6.26,4.46,3.49,4.25,16.57,6.62,-0.17,5.63,-4.52,5.93,-0.12,6.15
2021-12-01,-3.32,1.91,-0.14,0.2,-0.51,-1.29,4.14,1.46,1.3,4.24,6.39,3.95,0.35,-4.53,-4.07,6.08,6.27,-3.87,3.11,6.54,6.27,8.63,14.41,6.95,15.91,-0.11,1.48,3.63,6.87,3.23,3.14,7.15,37.59,12.18,-5.71,25.03,2.35,3.74,36.07,0.3,-10.9,11.22,-1.87,-2.41,7.71,9.27,2.84,6.12,7.39,-0.95,5.87,-7.63,-14.12,5.47,6.09,3.16,4.29,10.69,9.31,-4.04,1.24,3.1,3.88,14.12,7.75,-38.04,-22.74,28.75,19.07,-22.92,-19.25,15.52,46.86,29.53,36.7,17.67,-8.75,22.97,16.46,8.34,21.02,21.19,5.51,8.61,13.99,-2.93,-1.57,3.04,5.58,-0.62,13.53,1.06,1.59,-2.91,13.37,4.75,3.57,8.62,-1.23,6.39,4.19,5.04,-5.15,3.33,4.9,6.97,1.47,4.12,7.19,12.63,3.76,-12.72,5.08,17.7,4.56,5.5,6.05,7.77,8.61,7.43,7.96,9.54,1.75,-0.09,3.69,4.47,3.54,1.91,1.8,10.26,-0.42,-2.07,0.31,6.09,14.13,4.0,1.73,4.88,-7.0,10.69,5.77,0.73,1.92,9.98,8.61,12.0,9.54,7.74,8.38,8.46,8.84,7.27,7.68,4.98,6.36,8.74,4.89,10.24,7.48,8.42,22.49,9.91,6.19,6.48,5.2,7.61,8.91,7.31,9.65,8.45,3.49,6.24,4.45,2.89,-1.74,31.3,63.46,18.65,18.6,8.95,-0.33,4.72,2.9,5.65,8.51,9.83,10.1,6.42,8.67,7.6,5.9,7.48,7.03,10.72,18.54,7.1,3.68,5.11,8.0,5.38,9.52,-3.16,6.29,6.61,4.15,3.03,7.99,0.06,12.47,10.65,11.22,8.19,3.35,5.08,5.19,3.8,8.8,8.8,5.57,8.2,12.54,6.16,5.77,3.55,0.61,3.18,3.32,5.04,8.76,8.1,6.53,-2.3,7.22,6.41,7.68,4.69,9.3,5.17,5.88,5.67,5.01,10.22,11.83,8.6,18.41,14.74,7.13,14.38,1.81,4.59,6.98,4.3,-0.08,8.51,24.36,10.79,5.37,5.49,0.95,8.47,6.96,11.91,15.01,7.39,8.39,7.51,1.4,3.48,6.22,4.31,5.56,-17.26,11.91,5.35,0.0,7.63,-0.52,12.59,4.67,3.98,2.33,5.53,4.66,10.38,5.21,6.29,6.26,6.02,4.29,3.55,5.47,15.44,6.48,0.08,5.63,-3.07,-0.79,-1.47,6.06
2022-01-01,-3.32,2.8,0.41,1.63,-0.89,-0.52,5.1,2.4,1.64,4.44,7.51,4.24,-24.93,-1.77,-4.0,9.27,7.46,-2.02,2.55,6.44,5.56,9.16,12.43,9.99,-2.12,0.27,2.23,4.09,6.21,3.48,3.52,6.31,31.49,8.68,-8.05,16.29,2.61,3.6,30.36,0.61,-10.9,30.92,11.05,-5.17,7.37,8.56,11.65,11.84,5.02,-0.95,5.87,-7.63,-14.12,5.47,1.06,-1.27,-0.47,8.99,8.64,-4.59,1.78,2.59,3.69,13.97,7.96,-17.03,-14.59,25.76,43.14,-27.37,-14.45,14.92,38.67,31.92,62.66,47.49,1.03,27.08,22.3,15.49,34.17,15.42,3.1,8.53,13.96,-8.1,0.06,3.92,6.04,-1.12,14.16,0.45,1.03,-2.5,12.44,4.35,3.52,9.13,-1.11,6.16,4.63,5.92,-6.63,3.25,3.45,8.24,2.66,4.77,7.69,15.46,4.6,-13.96,4.94,19.43,4.28,4.84,5.96,7.67,7.64,7.0,7.63,7.66,1.6,0.17,3.97,4.24,3.25,1.58,-1.08,7.71,-1.43,-4.44,0.45,5.48,13.49,4.09,1.43,5.09,-4.02,11.49,5.06,-0.67,2.02,10.28,8.94,12.07,9.81,8.86,8.79,8.95,9.33,7.77,8.01,5.36,6.93,9.02,5.17,10.63,8.09,8.9,20.71,10.32,7.81,6.08,5.07,8.4,9.63,8.14,10.54,8.97,3.47,6.02,4.45,3.47,-1.74,25.82,44.84,18.16,15.87,8.39,-0.39,5.5,3.71,2.99,7.08,9.74,10.7,8.18,9.16,7.95,7.34,8.19,6.44,11.02,14.16,7.46,3.77,5.58,7.32,5.54,8.83,-5.12,6.09,6.84,3.13,10.61,6.35,-0.5,10.69,8.62,12.57,9.28,3.71,10.9,4.76,4.13,8.33,9.14,1.79,8.89,11.9,6.96,5.82,3.47,-2.09,3.4,4.75,5.1,8.86,9.38,6.75,3.27,6.54,6.33,7.63,5.34,7.56,5.75,5.17,5.66,5.66,8.98,11.18,8.91,16.67,12.61,7.1,14.51,2.21,4.58,6.83,4.54,-0.08,4.6,22.5,10.79,5.37,6.0,1.12,9.57,6.17,12.42,14.54,7.92,8.39,8.28,2.04,8.2,6.54,4.16,5.9,-14.84,8.98,5.33,0.0,8.18,3.5,12.31,4.51,4.04,2.89,3.92,4.43,11.14,5.2,6.26,6.25,5.85,4.28,3.69,7.59,14.44,6.55,0.5,5.83,-3.41,-4.2,-1.88,5.64
2022-02-01,-3.32,3.08,0.97,2.79,-0.76,-0.13,5.57,2.94,1.44,4.49,7.88,4.85,-26.11,2.08,-4.28,12.41,8.3,10.6,2.33,6.36,4.75,6.86,11.51,15.76,8.88,1.8,4.15,3.81,6.18,3.21,3.46,5.76,28.72,6.24,-11.84,13.54,3.07,3.48,28.0,2.45,-10.9,9.91,18.62,-4.69,7.52,6.83,11.65,11.44,9.9,-0.95,5.87,-7.63,9.05,5.47,-2.47,-1.11,0.94,9.15,7.71,-1.42,2.32,1.53,2.65,12.07,8.02,3.12,-19.55,21.42,47.06,-28.86,-11.16,12.08,22.17,35.43,60.48,54.2,19.14,17.71,63.21,23.45,30.68,7.1,-3.13,11.47,13.54,-8.1,0.26,4.68,6.72,-1.62,15.34,-0.56,0.49,-2.2,10.78,6.19,4.3,8.9,0.0,5.93,4.68,4.63,-6.6,3.45,1.3,9.78,5.2,6.9,8.5,18.65,5.92,-13.74,5.41,20.45,4.14,5.45,5.99,7.69,7.22,7.09,7.23,6.62,2.4,0.6,4.25,3.86,3.25,1.97,-1.5,12.62,-1.9,-5.32,-0.25,5.39,12.52,3.55,1.24,7.45,-5.16,10.58,7.24,0.11,1.73,10.45,9.01,11.94,9.81,9.1,8.54,8.63,9.55,7.53,8.09,6.13,7.27,9.76,6.43,10.41,7.96,9.7,22.45,10.31,7.04,5.82,4.99,9.11,10.56,8.77,11.56,9.26,3.51,5.92,3.68,2.74,-1.52,19.13,57.7,16.37,9.8,8.25,-0.52,5.63,3.21,1.89,6.9,9.53,11.2,7.04,9.52,7.74,8.82,8.01,6.32,11.08,14.09,7.08,2.9,5.58,8.21,3.18,9.04,6.51,6.2,6.73,3.52,3.63,5.32,0.31,9.89,10.59,11.34,10.89,6.04,10.9,4.59,4.37,8.2,9.2,0.67,8.78,11.48,7.66,5.95,3.67,-1.22,3.32,6.7,4.94,8.97,8.93,5.49,2.82,6.55,5.72,7.39,5.52,8.76,6.26,5.3,5.43,5.6,7.56,10.38,8.39,12.21,7.42,7.61,13.2,2.34,4.28,6.48,4.97,0.87,2.7,27.9,10.79,5.97,6.73,0.6,9.84,6.53,10.66,14.0,4.59,29.31,9.13,5.46,9.95,6.31,4.33,5.58,-14.84,10.34,4.83,0.0,5.06,2.41,14.06,4.57,4.03,3.37,3.92,3.9,12.2,5.32,6.62,6.46,5.6,4.7,3.67,7.1,11.97,5.84,0.5,8.67,2.34,-6.02,0.99,5.61
2022-03-01,-3.32,3.63,1.82,3.36,0.38,-0.13,7.77,4.97,2.69,5.18,8.39,5.84,-26.01,2.27,-1.34,17.11,11.15,8.46,2.01,6.95,4.66,6.72,8.51,20.69,3.26,3.0,2.44,4.78,6.67,3.2,4.03,7.22,28.6,9.88,-14.09,19.1,4.04,3.59,27.94,5.5,-10.9,17.07,37.7,-6.15,6.85,5.44,11.65,7.1,6.63,-0.95,-0.7,-7.63,34.57,5.47,-3.85,4.29,-0.99,10.33,7.54,1.35,2.86,3.28,5.98,12.16,9.09,20.42,-9.21,13.76,34.91,-22.84,-5.68,12.68,18.54,27.65,40.67,43.39,47.21,11.12,25.47,21.21,11.07,3.76,11.4,11.47,14.3,-15.04,-0.7,4.47,6.08,-2.1,15.42,-1.55,2.6,-1.28,10.21,6.49,4.37,8.96,0.0,6.03,4.93,4.22,8.08,3.72,0.38,11.26,8.64,9.29,9.51,20.03,8.73,-9.6,6.0,21.69,4.19,6.0,6.07,8.16,7.99,7.79,7.13,6.21,4.28,0.51,4.23,3.98,3.51,2.59,-0.21,15.95,-1.53,-5.52,4.74,5.59,12.51,3.82,1.24,6.89,-1.0,10.51,7.36,1.07,3.07,11.38,9.25,12.25,10.15,9.44,9.07,9.34,10.24,8.17,8.6,6.91,7.3,10.18,5.53,10.53,8.61,9.29,24.12,10.51,6.61,6.29,5.08,10.19,11.4,10.98,12.71,10.49,3.32,5.66,3.3,3.03,-1.74,9.97,65.2,14.0,7.69,8.09,-0.39,6.53,4.01,-1.37,7.68,9.15,10.99,6.82,9.83,7.29,8.9,8.44,6.85,11.28,13.55,7.73,1.63,5.64,7.44,4.01,7.6,4.79,5.93,7.11,3.33,2.04,6.49,0.12,11.89,11.02,11.33,12.93,6.98,9.54,4.5,4.39,9.26,9.57,1.35,9.64,13.17,8.6,6.59,4.15,-0.05,3.38,8.4,5.45,10.02,8.43,5.59,8.85,6.08,6.66,7.62,6.17,9.22,7.04,5.46,5.34,6.17,7.25,10.12,8.19,10.21,5.19,7.64,12.7,3.26,4.49,7.24,4.83,-5.57,5.98,26.82,10.79,6.24,7.63,0.17,10.42,8.31,9.26,13.62,-0.27,31.34,9.46,6.56,9.57,6.55,4.37,4.91,-14.84,11.47,4.74,0.0,5.01,2.93,13.31,4.7,4.22,3.11,4.81,4.21,13.39,6.08,6.98,6.66,5.81,5.13,4.02,7.87,9.6,5.53,0.33,7.93,11.96,1.13,4.64,5.36
2022-04-01,-0.47,3.96,1.81,3.42,0.96,-0.13,9.59,6.59,3.53,6.4,9.02,7.06,-25.1,5.15,2.32,20.84,13.42,13.44,0.76,7.12,4.28,2.71,8.2,13.77,3.13,3.02,-0.06,5.53,6.98,4.13,4.78,8.48,23.15,10.46,-16.81,19.78,5.57,4.33,27.29,6.47,-10.9,12.87,17.69,-5.78,8.25,4.84,11.65,4.0,1.77,33.74,16.0,-7.63,34.57,5.47,-3.54,5.71,0.19,9.85,7.29,0.89,2.66,0.92,5.87,11.24,8.35,17.39,-3.88,22.49,24.25,-20.35,-3.63,15.65,33.56,26.65,42.55,35.91,39.2,11.07,18.33,17.93,13.5,9.36,65.85,12.2,13.97,-11.5,-1.56,2.72,4.33,-2.26,14.84,-1.83,2.07,-0.28,8.96,7.71,3.31,9.04,0.0,5.54,5.13,6.32,8.28,3.99,1.45,13.09,12.07,12.54,10.15,19.82,11.76,-8.05,6.32,22.48,4.43,6.62,6.73,8.9,8.31,8.47,7.66,5.91,4.78,0.51,4.28,3.88,3.99,0.82,0.16,11.8,-1.11,-0.92,4.58,6.01,12.2,3.75,1.19,6.43,3.64,10.27,7.41,-0.78,1.71,11.77,9.61,12.56,11.14,8.98,9.85,9.54,11.05,8.85,9.34,7.33,7.37,9.22,2.55,10.98,8.88,8.95,20.55,11.15,7.16,6.63,5.51,10.83,12.17,11.51,13.56,11.19,3.41,6.17,3.2,1.81,-0.87,15.13,91.12,15.4,18.88,14.12,-0.13,7.89,4.23,-1.83,8.22,9.41,11.64,6.44,6.49,8.66,3.71,8.86,6.38,11.63,10.41,8.03,2.05,6.13,7.89,6.44,7.62,20.81,5.74,7.78,6.15,-14.47,6.17,0.25,13.04,2.6,11.87,14.02,7.73,8.23,4.48,4.96,7.89,10.03,1.29,10.49,14.45,9.28,6.71,4.13,-1.49,3.59,9.88,5.35,10.36,9.13,5.39,8.85,6.69,6.79,7.72,7.41,8.27,7.16,6.05,5.11,6.81,8.0,10.56,7.98,20.93,16.23,9.17,12.78,3.33,5.46,8.0,5.15,0.87,9.61,20.15,10.2,6.7,7.12,-0.09,9.63,7.44,8.29,13.22,-2.69,7.46,10.57,4.49,9.8,6.64,4.78,6.82,-14.84,12.61,4.99,0.0,3.84,1.48,12.28,4.2,4.76,4.15,3.81,4.09,14.59,6.27,7.32,6.71,5.86,4.73,4.23,8.64,9.51,4.94,0.33,1.69,10.64,0.75,4.19,5.72
2022-05-01,0.37,2.83,0.21,2.16,0.32,-0.26,9.45,6.16,3.37,5.4,9.41,7.29,-28.24,5.26,0.64,21.56,13.32,3.57,-0.75,5.25,3.69,3.71,4.62,18.55,4.77,2.3,-4.64,5.71,5.55,3.71,4.15,8.68,14.25,9.1,-18.1,17.98,6.04,5.44,26.71,2.79,10.73,-0.77,14.15,-6.82,8.58,3.29,11.65,-1.1,-6.01,21.5,-1.97,-7.63,34.57,7.8,-5.98,0.15,4.04,7.82,4.53,0.57,1.91,-1.22,5.29,6.86,4.19,18.68,-13.67,25.68,18.02,-25.99,-8.77,16.41,135.6,24.86,46.37,34.68,22.37,0.58,2.77,7.81,21.68,15.06,46.79,7.66,5.62,0.0,-3.84,-0.88,0.93,-3.84,12.0,-3.53,-0.53,-0.95,8.37,1.86,0.93,6.31,0.0,4.45,4.01,4.32,6.74,3.53,2.87,13.13,12.82,12.22,6.22,14.79,13.25,-9.26,6.0,18.35,3.67,4.16,7.09,8.6,8.12,8.57,4.12,5.3,4.72,0.51,2.88,5.11,2.64,-1.98,-0.63,6.35,-0.32,-1.31,-1.31,4.83,9.58,2.72,0.52,3.68,3.81,8.33,8.22,-4.19,-0.11,11.67,9.02,9.96,11.05,8.38,8.24,8.73,10.46,7.24,8.65,6.84,6.08,9.12,7.18,9.37,8.98,5.42,13.47,9.07,8.27,8.98,4.96,9.39,10.19,10.41,12.4,9.95,3.47,6.57,2.37,2.23,-2.2,19.35,95.16,18.03,14.36,10.39,2.13,4.81,6.44,0.19,3.34,2.59,9.67,4.91,9.97,2.84,8.71,7.18,4.9,8.25,0.25,7.27,5.32,6.25,9.5,6.44,10.98,19.66,5.39,6.82,21.14,-14.47,2.27,3.59,12.84,14.47,7.32,10.07,6.76,4.25,2.49,1.6,1.89,5.58,1.84,10.23,10.38,8.0,3.78,2.12,-4.65,2.92,10.93,6.37,9.04,7.49,0.55,12.95,3.19,6.12,5.68,5.31,6.84,4.26,5.17,3.32,6.91,10.4,10.46,5.68,16.83,11.52,8.87,6.61,3.59,5.99,7.29,0.39,17.14,6.97,19.12,8.16,11.6,5.95,0.95,7.58,6.06,8.35,9.8,5.85,13.7,9.82,-3.31,-30.44,5.32,5.3,5.35,-14.84,15.4,3.44,0.0,5.37,8.56,0.06,2.71,3.68,4.19,2.01,1.63,13.38,4.48,5.58,4.31,2.94,4.13,3.26,6.62,4.76,3.39,5.71,11.32,5.01,-8.35,4.48,4.31
2022-06-01,0.61,3.16,0.34,2.08,0.82,-0.13,10.06,6.62,3.35,6.76,10.35,8.25,-26.3,8.05,-1.47,22.13,14.04,2.57,-1.49,5.05,3.68,2.91,4.22,19.42,4.51,2.71,-5.48,6.15,6.37,4.23,4.45,10.27,7.21,7.86,-17.38,14.57,6.47,5.87,24.73,10.48,32.39,4.55,29.85,-6.85,8.89,5.95,11.65,-4.77,-5.13,21.81,-0.39,-7.63,34.57,2.35,-6.19,-0.36,7.54,5.53,4.04,1.76,1.84,-1.26,5.65,7.11,4.66,23.79,-20.74,35.4,16.06,-29.27,-10.03,16.31,158.43,11.19,36.15,42.17,17.59,-2.82,-15.98,3.92,25.78,10.92,24.14,6.61,7.36,0.0,-4.32,-2.41,0.2,-3.8,10.59,-3.74,-1.52,-0.94,9.13,0.37,0.13,5.65,2.11,4.45,3.67,5.99,5.87,4.08,5.91,14.99,14.08,14.04,6.27,15.05,15.16,-8.65,6.93,17.6,4.36,3.36,5.74,9.24,7.74,8.58,4.02,5.27,6.01,0.68,3.01,5.0,2.7,-1.57,-0.42,2.94,0.16,0.81,-1.77,5.85,8.87,3.39,0.19,3.84,6.39,10.06,8.81,1.46,1.89,11.58,10.47,11.2,11.22,5.43,9.1,8.65,11.0,7.74,10.2,7.78,6.78,7.86,6.34,11.27,8.4,6.2,3.62,8.33,8.7,7.88,5.79,10.68,11.69,12.81,13.21,10.33,3.81,7.5,1.49,0.94,-2.57,21.28,99.06,23.88,2.98,9.28,-11.01,5.11,9.59,-2.28,2.43,9.88,8.44,8.32,8.95,7.74,8.55,7.42,4.48,8.8,2.92,5.9,3.55,6.66,8.84,6.89,-0.07,19.97,5.14,7.45,16.57,-14.47,5.41,5.76,14.57,14.29,8.72,9.94,7.28,5.7,3.58,6.82,2.41,4.47,5.19,10.02,8.61,9.46,4.18,2.79,-1.95,2.98,11.69,6.57,9.78,7.75,2.98,11.14,4.26,6.26,5.79,5.31,7.57,0.61,5.15,3.38,7.44,7.69,10.77,5.97,5.37,0.68,8.91,13.77,3.59,8.07,7.94,1.85,-4.31,6.4,4.86,-7.6,10.59,6.68,0.77,7.85,4.39,6.12,12.23,1.96,13.7,10.66,-2.78,4.85,5.82,5.91,5.64,-14.84,7.09,3.1,0.0,4.31,8.85,-0.93,2.71,4.48,5.11,3.62,7.54,14.71,4.6,6.25,4.51,3.29,4.33,3.75,-4.83,5.54,5.26,1.58,11.32,5.19,-9.15,1.92,6.94
2022-07-01,0.61,4.3,1.23,3.23,2.03,-0.13,11.73,8.74,4.01,7.82,11.48,9.72,-6.87,13.66,0.11,23.31,15.22,6.0,-1.79,5.03,3.44,2.21,6.01,2.24,0.97,3.58,-3.84,5.78,6.84,4.88,5.31,8.97,5.0,8.17,-16.84,11.47,7.55,7.0,21.98,16.5,18.4,-7.0,23.69,-4.66,8.06,7.52,11.65,1.4,0.38,35.47,-4.92,31.35,34.57,2.35,-5.76,3.71,12.39,4.13,5.93,1.37,2.11,1.93,3.36,7.07,4.57,33.79,-20.52,28.83,10.82,-29.89,-6.67,16.77,44.22,7.2,26.41,35.2,10.31,4.12,-10.92,6.91,28.26,18.52,18.21,9.69,8.37,0.0,-1.99,-2.28,0.53,-2.58,9.85,-1.71,-2.71,0.0,8.97,1.11,0.0,5.68,2.11,5.22,3.63,3.42,6.26,4.34,8.81,15.95,15.79,16.2,6.72,14.62,18.8,-6.33,7.65,16.28,4.93,5.92,7.39,9.54,7.94,8.7,4.35,4.88,7.15,0.6,2.87,3.96,2.83,-2.74,-0.74,7.81,1.06,0.29,-0.91,6.27,9.41,3.44,0.52,4.44,5.55,8.49,1.63,1.63,1.94,11.94,10.72,10.74,11.78,7.33,9.51,8.93,11.39,7.97,9.82,8.74,8.16,6.86,6.68,11.2,9.06,6.84,3.42,9.52,9.04,8.79,5.93,10.59,11.29,11.41,13.84,10.68,3.85,7.41,2.51,2.47,-2.57,22.94,108.85,28.56,-0.12,4.6,-9.35,5.27,10.63,-3.07,3.84,10.24,10.25,7.91,9.21,7.63,5.65,7.98,4.22,8.65,3.63,6.79,7.45,5.26,8.33,7.66,6.05,7.99,5.72,8.5,5.48,21.37,5.38,4.54,14.23,14.42,8.45,9.16,7.45,5.7,3.34,6.12,2.28,5.02,2.27,10.25,10.22,9.9,4.3,2.91,0.22,2.97,13.04,10.05,9.69,6.97,3.83,9.64,3.6,6.12,5.7,5.65,5.64,2.96,5.41,3.3,8.25,7.84,10.69,5.62,0.35,-2.43,8.62,9.45,4.35,7.56,7.49,3.78,-9.02,9.31,6.13,8.16,12.69,6.65,0.77,7.56,6.85,2.93,10.83,1.87,7.46,9.52,-0.76,4.0,6.25,6.24,8.96,-14.84,14.5,3.1,0.0,6.06,2.86,1.85,3.42,5.28,6.28,0.36,3.64,15.24,4.97,6.46,4.42,3.43,4.53,3.95,7.49,1.83,6.2,2.08,11.43,4.03,-12.6,1.26,5.84
2022-08-01,0.61,6.94,4.04,9.64,4.03,-0.13,15.72,13.29,6.59,8.75,11.67,10.72,-1.7,22.87,2.25,24.06,16.08,6.6,-1.74,5.2,3.58,2.17,6.75,-4.12,-1.95,4.23,-4.57,6.46,7.77,5.84,6.53,7.91,0.79,8.09,-16.9,7.53,8.95,7.16,18.16,17.77,4.1,-19.24,14.5,-3.83,8.81,14.0,11.65,4.75,7.21,47.17,-4.92,30.39,34.57,2.35,-7.35,4.43,15.53,2.74,6.86,1.57,1.57,0.61,-1.03,6.95,2.55,40.32,-18.52,19.03,15.9,-30.63,-3.39,19.75,16.57,14.61,29.87,40.89,17.19,13.3,-5.82,15.27,32.45,28.29,20.4,18.13,8.14,0.0,2.95,-1.28,1.26,-0.87,9.43,1.22,-2.96,0.56,9.5,0.56,0.46,5.9,2.11,4.61,4.36,3.21,6.02,4.67,10.29,16.97,18.39,18.95,6.77,14.72,23.51,-6.35,8.81,15.12,4.8,5.17,7.69,9.29,8.73,8.45,4.69,4.36,8.0,0.6,2.86,4.23,2.83,-3.42,-0.53,8.38,1.33,0.23,2.11,6.02,8.12,3.22,0.71,4.42,6.07,6.93,1.95,1.85,2.04,11.71,10.84,11.08,11.14,7.16,9.51,9.15,11.37,8.19,9.56,9.1,8.39,6.45,6.75,11.24,9.07,6.85,4.39,9.71,9.17,8.66,5.91,10.59,11.55,11.81,13.83,10.17,4.01,7.76,2.29,2.08,-2.64,22.52,87.25,30.17,-0.55,4.6,-9.35,5.85,11.91,-4.58,3.25,9.75,9.38,7.32,8.47,7.35,4.85,7.61,5.02,8.8,4.59,7.46,7.47,5.04,8.29,9.39,5.58,9.78,5.48,8.63,7.12,4.99,5.45,4.33,13.66,8.67,8.84,9.93,7.52,8.1,3.17,5.4,2.93,5.14,2.32,9.07,9.85,10.55,4.42,3.64,4.3,3.32,13.34,7.05,9.44,6.47,3.02,9.64,3.58,6.02,5.74,7.04,3.94,2.74,5.49,3.42,8.13,7.8,10.24,5.75,-0.77,-2.78,8.36,9.1,3.79,7.25,7.34,2.95,-9.02,9.14,2.52,8.16,13.23,6.81,0.86,7.69,6.34,5.22,9.99,-0.95,0.0,9.79,-0.68,3.36,6.47,6.33,9.08,-14.84,11.98,3.35,0.0,5.41,3.23,2.76,3.34,5.87,6.82,0.77,5.09,16.02,5.29,6.62,4.27,3.42,4.81,4.08,8.17,2.39,6.48,1.83,10.78,6.42,-9.79,6.15,5.92
2022-09-01,0.61,9.23,7.67,12.22,6.47,-0.13,17.41,16.25,8.99,9.12,12.14,11.65,-1.37,29.42,6.26,23.38,17.47,8.45,-0.75,5.03,3.67,2.95,6.82,0.14,7.52,3.93,-1.79,7.13,8.37,6.2,7.57,7.77,-5.31,6.82,-16.1,2.41,10.97,6.81,12.71,16.81,4.1,6.63,25.91,-2.65,9.18,23.38,11.65,9.09,8.87,47.17,-4.92,19.35,34.57,2.35,-5.58,3.04,16.55,1.41,6.86,1.72,0.32,-0.61,-3.86,4.96,0.49,43.06,-15.73,18.08,29.29,-30.92,-0.7,22.23,53.52,15.6,24.28,38.54,19.31,16.62,-3.21,17.92,25.72,28.96,25.42,22.81,8.39,0.0,5.57,-1.74,0.79,-0.19,6.56,1.89,-3.32,0.67,8.91,0.74,-0.2,5.38,2.11,1.04,4.65,2.49,6.08,4.86,10.34,18.98,20.77,20.47,7.0,14.86,27.6,-4.41,9.48,13.87,5.1,6.93,7.54,9.4,8.91,8.52,5.2,4.1,9.28,1.53,3.05,4.09,3.3,-4.12,0.27,9.69,1.64,0.68,4.58,6.64,7.85,3.31,0.75,4.18,6.07,6.6,4.41,1.74,2.2,12.31,11.12,10.87,11.38,9.99,9.83,9.27,11.52,8.6,9.73,10.23,9.17,6.99,5.79,11.58,9.36,7.78,5.75,9.97,9.87,9.26,6.1,11.0,11.93,12.29,14.16,10.72,4.51,8.21,2.43,1.69,-1.21,17.84,78.56,29.05,0.31,4.91,-7.61,6.68,14.27,-2.91,3.69,10.07,9.14,7.62,8.03,6.75,4.71,7.83,5.37,8.94,4.59,7.35,4.97,4.82,7.89,8.99,4.82,9.78,5.03,8.52,4.56,1.79,3.15,3.68,10.71,10.95,8.8,10.09,8.83,8.1,3.32,6.66,2.98,5.95,1.94,8.28,9.66,11.07,4.88,4.44,4.31,3.24,14.15,7.32,10.18,6.61,3.07,9.84,3.82,5.94,5.83,6.67,3.67,2.81,5.68,3.48,7.64,7.82,9.86,5.87,-0.14,-1.94,7.87,9.47,3.7,7.17,7.83,3.35,-9.02,14.09,0.67,8.16,13.23,6.5,0.86,7.76,6.01,4.91,9.09,7.69,0.0,9.57,1.22,2.58,6.83,6.68,8.96,-14.84,10.98,3.47,0.0,3.65,1.54,2.28,3.07,6.72,7.17,0.53,5.56,16.64,5.53,6.77,3.97,3.63,4.64,4.42,8.67,2.28,7.17,1.74,7.73,5.35,-9.48,9.24,6.16
2022-10-01,0.0,10.21,9.37,13.22,8.46,-1.57,17.64,16.92,9.92,9.72,12.51,11.96,1.99,32.85,6.94,21.19,17.41,8.02,-1.4,4.89,3.89,2.95,6.14,2.73,13.66,2.74,-0.18,7.69,8.76,6.1,7.73,7.24,-9.95,6.89,-18.24,0.74,12.6,6.51,8.29,13.14,4.1,24.2,27.25,-3.66,7.81,22.3,11.65,12.81,7.14,47.17,-4.92,18.49,34.57,2.35,-6.89,4.74,20.18,-0.27,5.68,1.67,0.45,0.85,-3.8,5.61,0.81,34.58,-26.78,15.8,25.96,-32.06,0.92,13.65,13.89,3.89,14.79,29.6,18.67,5.74,-12.02,14.61,29.58,17.19,19.86,16.69,8.78,0.0,6.36,-2.39,-0.13,-0.19,3.66,2.16,-6.36,0.78,8.25,0.0,-0.59,5.28,2.11,-0.77,3.76,4.45,5.01,5.33,10.49,20.46,22.0,21.64,7.2,14.52,30.59,-4.42,9.64,11.69,5.02,6.88,7.83,9.42,9.15,8.3,5.06,3.91,9.75,1.45,3.12,4.37,3.57,-4.47,0.37,7.9,2.23,0.28,5.46,7.05,6.75,3.35,0.42,3.72,2.72,6.35,1.85,1.56,2.65,12.66,10.92,10.46,11.75,10.92,9.77,9.28,11.58,8.68,9.67,9.15,8.59,5.2,6.43,11.55,9.05,7.66,5.3,10.04,10.9,9.32,6.29,11.13,11.72,11.99,13.86,10.87,4.59,8.34,2.14,0.19,-0.29,16.01,69.59,30.72,-4.99,2.87,-7.95,6.17,12.3,-2.14,4.41,9.83,7.78,7.86,7.78,5.64,5.0,7.78,5.83,9.19,4.37,6.72,4.51,4.75,7.55,12.25,4.66,8.88,4.8,7.7,4.11,2.62,2.62,3.61,8.73,10.64,7.65,8.72,8.02,8.18,3.46,5.94,2.98,6.0,2.85,7.67,9.42,11.48,5.34,4.64,3.59,3.66,14.26,7.86,10.26,6.35,3.8,13.65,3.76,6.03,5.99,6.67,3.02,2.87,5.77,3.34,7.01,7.96,9.28,5.92,-3.72,-6.89,7.38,9.47,3.69,7.32,8.14,3.47,-11.39,14.06,14.74,8.16,11.4,6.48,0.77,7.84,6.15,4.7,7.9,9.52,0.0,8.8,1.3,2.06,6.92,6.67,9.34,-14.84,8.95,3.46,0.0,3.79,2.37,0.68,3.13,7.5,7.16,0.47,5.71,16.78,5.77,6.98,3.96,3.47,4.76,4.62,9.24,2.82,7.29,1.74,5.33,5.32,-7.22,8.63,6.39
2022-11-01,0.0,10.51,10.4,13.45,8.9,-1.57,19.67,17.8,11.2,10.15,12.83,12.37,1.7,31.07,9.69,21.37,16.42,8.75,-1.1,4.61,4.06,2.21,6.16,5.45,16.08,2.27,4.86,8.23,9.16,6.33,8.06,6.85,-9.78,8.44,-16.73,4.01,14.49,6.45,6.45,8.77,4.1,11.07,14.39,-4.36,7.11,6.8,24.75,13.61,13.44,47.17,-4.92,18.49,34.57,2.35,-12.37,5.1,13.7,-1.47,6.79,2.6,0.13,3.56,-2.56,5.23,1.35,11.71,-20.67,-0.66,5.34,-32.28,4.46,2.8,-37.72,-12.99,-12.12,4.24,9.82,-8.35,-21.86,3.05,4.53,-1.25,10.73,5.76,8.9,0.0,8.08,-2.66,0.13,0.19,2.7,2.16,-6.59,0.83,7.68,-1.33,-0.78,5.87,2.11,-0.93,2.79,4.19,3.86,5.51,10.32,21.74,23.26,22.17,7.52,13.14,34.98,-3.99,10.33,10.3,5.13,6.84,7.85,9.55,9.03,8.31,5.12,3.9,11.21,1.45,3.11,4.5,3.49,-4.05,0.64,6.88,2.38,0.74,5.81,7.28,6.01,3.7,0.56,3.93,2.27,7.27,1.34,2.19,2.71,12.49,10.52,8.03,12.24,10.36,9.59,9.23,11.42,8.63,9.48,8.91,8.08,2.51,2.72,11.29,8.61,8.14,5.33,9.93,10.99,8.73,6.59,11.05,11.58,11.8,13.64,10.46,4.58,7.96,2.06,1.5,3.1,16.02,50.73,31.12,1.0,5.02,-7.69,6.72,13.06,1.85,5.74,9.78,7.47,7.18,7.88,5.82,5.36,7.67,5.74,7.48,4.73,6.56,4.18,5.86,6.92,8.6,4.29,7.92,4.86,6.86,3.34,10.62,2.0,3.29,8.38,10.44,7.54,7.78,7.39,8.18,3.22,6.92,3.24,5.78,2.67,7.33,8.65,12.4,5.94,4.96,0.36,3.94,14.57,7.82,10.13,6.15,3.45,12.97,4.1,6.06,6.2,9.94,3.08,3.42,5.85,3.33,7.42,7.92,8.57,5.53,-1.18,0.05,7.62,9.79,3.9,6.78,7.36,3.23,-11.39,9.26,12.72,8.16,17.13,6.62,0.86,7.98,5.9,4.45,6.66,11.45,0.0,9.21,2.77,1.5,6.94,6.64,9.53,-14.84,8.54,3.33,0.0,3.37,3.44,1.69,3.32,8.34,7.08,0.18,5.14,16.58,5.95,7.37,3.81,3.6,4.96,5.23,10.03,2.26,7.61,1.99,5.33,5.04,-6.98,7.2,6.62
2022-12-01,0.0,10.49,10.78,12.89,8.47,-1.57,22.2,19.13,12.68,10.8,13.13,12.43,4.24,25.38,14.81,19.56,17.53,12.01,-0.45,4.85,4.42,1.59,5.24,7.82,16.68,3.43,6.91,8.64,9.3,6.44,9.02,7.26,-8.6,9.01,-15.7,5.14,16.17,6.91,5.52,10.31,4.1,-6.89,24.92,-2.56,5.63,-5.27,17.3,12.45,16.23,47.17,-4.92,18.49,34.57,2.35,-15.45,4.59,10.73,-2.75,7.2,6.67,0.52,5.43,-1.58,4.87,2.83,10.05,-21.28,-7.8,-14.2,-27.59,12.08,-5.68,-49.71,-28.33,-21.82,-24.51,4.14,-16.2,-21.02,-7.23,-10.75,-17.12,7.48,-1.83,9.34,0.0,10.05,-2.01,0.59,1.13,2.29,2.61,-7.15,1.11,6.53,-0.6,-0.85,5.66,2.11,0.09,2.91,4.67,3.44,5.7,10.39,21.86,25.25,22.53,7.77,10.18,37.09,-2.79,10.82,8.75,5.3,7.28,7.75,9.13,8.85,8.1,5.38,3.88,11.95,1.62,3.17,4.42,3.82,-2.14,1.71,4.83,3.41,1.14,6.55,7.14,4.98,3.89,0.61,4.27,2.27,8.01,0.92,2.12,3.05,11.5,10.03,8.93,11.34,10.23,9.29,9.04,10.95,8.32,9.13,8.54,7.87,4.2,2.42,10.91,8.34,8.08,4.57,9.8,10.79,8.67,6.38,10.64,11.03,11.33,13.02,10.13,4.48,7.92,1.99,0.06,3.1,15.97,57.01,33.72,2.67,3.78,-6.76,7.01,11.08,8.18,5.62,9.85,7.31,6.57,7.63,6.28,5.12,7.89,5.64,7.41,4.27,7.1,3.93,5.37,7.34,8.93,6.55,5.19,4.92,6.2,3.55,1.78,4.53,5.24,8.59,9.87,7.74,7.76,6.7,6.85,3.21,6.78,3.56,5.41,3.09,6.91,8.39,12.29,6.19,5.01,-1.46,3.72,13.74,2.74,10.32,5.57,2.84,14.33,4.34,5.87,6.65,9.35,3.26,3.62,5.66,3.32,7.55,7.81,7.95,5.42,0.71,2.73,7.35,10.28,3.49,7.06,7.34,2.88,-14.93,13.24,18.36,7.79,30.12,6.06,0.6,3.22,3.77,6.02,5.2,13.14,0.0,9.44,1.15,4.6,7.03,6.66,9.77,-14.84,8.27,3.26,0.0,2.84,2.37,1.88,3.25,8.77,7.01,1.31,4.91,15.46,5.86,7.33,3.66,3.53,4.87,5.42,11.07,2.49,7.56,2.24,5.57,8.76,2.31,8.12,6.64
2023-01-01,-21.6,10.44,10.25,11.41,8.64,19.0,25.05,20.68,13.72,10.96,12.65,12.14,4.59,20.06,17.39,19.4,19.16,10.33,1.12,4.76,4.9,2.16,4.34,9.7,22.59,4.05,8.78,8.79,10.63,6.86,8.94,8.54,-7.72,9.86,-14.18,5.8,18.03,7.49,4.49,12.52,4.1,-33.07,15.11,-0.95,6.26,-11.4,10.09,12.7,16.76,47.17,-4.92,18.49,34.57,2.35,-11.62,6.68,12.46,-3.88,7.29,8.63,0.19,5.48,-0.29,3.84,3.17,5.35,-20.02,-5.44,-21.32,-19.41,18.76,-4.65,-36.08,-20.46,-27.54,-34.11,0.51,-6.72,-14.44,-9.38,-9.35,-9.78,7.21,-0.11,9.51,0.0,10.94,-1.88,1.18,1.89,1.54,2.89,-7.95,0.95,5.61,-1.03,-0.26,6.1,2.11,0.52,3.16,2.42,4.78,6.02,11.07,20.99,32.93,22.27,7.6,8.63,36.63,-1.74,11.65,6.96,6.04,8.59,7.49,9.33,8.99,8.01,5.5,3.94,13.31,1.27,3.36,5.51,4.29,0.32,4.37,4.2,4.35,2.96,6.36,6.79,4.02,3.78,0.47,4.03,-2.43,6.93,1.1,1.51,2.48,11.04,9.47,8.66,10.7,9.4,8.79,8.4,10.55,7.89,8.55,8.11,7.35,4.59,1.98,10.47,8.17,7.62,3.79,9.3,9.31,8.75,6.52,9.7,10.35,10.22,11.77,9.58,4.57,7.92,1.85,1.68,3.02,16.17,56.2,36.05,2.99,4.62,-7.28,7.14,10.23,11.07,7.04,9.4,6.93,4.98,7.31,5.76,5.42,7.08,5.59,7.15,6.33,6.74,2.96,6.3,7.83,8.75,6.19,5.19,4.61,5.34,3.55,0.34,6.34,5.7,9.83,9.23,7.37,7.92,6.65,1.16,2.91,7.69,3.88,5.45,3.46,6.06,8.97,12.27,6.23,5.13,1.02,3.78,12.24,8.21,9.74,4.92,2.72,8.86,4.56,5.85,6.85,8.85,4.89,4.76,5.85,3.38,8.25,7.76,7.51,5.19,0.78,2.79,7.45,10.15,2.75,6.76,7.57,2.54,-14.93,14.96,10.95,7.79,30.28,5.49,0.34,1.81,1.03,12.18,3.65,12.14,0.0,8.09,1.0,4.75,7.12,7.23,9.08,-14.84,10.52,3.18,0.0,2.3,1.76,2.25,3.3,9.28,6.69,1.86,4.9,15.07,6.1,7.42,3.72,3.59,4.65,5.81,11.0,1.99,7.68,3.73,5.56,13.28,6.7,8.96,6.87
2023-02-01,-21.6,11.22,10.54,11.14,8.95,19.0,25.37,22.55,15.48,10.63,12.32,12.21,5.88,16.65,18.77,20.85,20.19,6.28,2.58,5.13,4.99,4.26,3.16,2.41,25.01,2.83,4.27,9.65,11.4,7.36,9.42,9.46,-9.82,10.44,-12.13,2.33,19.35,8.58,0.41,18.68,4.1,5.89,11.36,0.23,7.21,-6.66,10.09,13.22,18.65,47.17,-4.92,18.49,17.04,2.35,-2.78,4.8,12.95,-5.36,8.74,8.37,0.19,6.47,1.47,3.97,4.24,-7.36,-30.22,-3.84,-22.48,-10.75,25.91,-2.54,-19.14,-19.06,-29.59,-34.37,-13.22,5.54,-32.54,-10.79,-12.52,-0.74,16.7,0.7,9.67,0.0,10.83,-1.83,1.11,2.91,0.57,2.85,-10.02,2.31,7.3,-0.06,-0.59,6.14,2.11,0.87,3.12,1.5,5.94,6.07,11.03,19.56,39.19,19.54,7.11,6.8,33.32,-2.66,11.24,5.57,6.15,8.05,7.94,9.04,9.13,7.68,5.88,3.81,14.15,0.93,3.29,5.85,4.75,0.86,3.85,3.0,4.68,4.04,7.48,6.81,4.3,4.08,0.56,4.12,-1.25,7.4,-0.9,1.84,2.7,10.54,9.24,7.88,10.5,8.94,8.57,8.43,9.99,7.73,8.32,8.09,7.28,3.93,1.73,10.05,7.99,7.56,3.18,8.93,18.45,8.76,6.71,8.97,9.61,9.49,10.66,9.05,4.78,8.17,2.98,1.99,3.02,16.11,28.77,33.95,3.12,3.22,-8.2,6.63,10.37,11.46,7.01,9.74,6.1,6.05,7.21,4.12,5.67,6.86,5.6,6.97,5.86,6.95,3.0,6.73,6.45,9.04,7.81,5.84,4.22,5.32,4.41,5.43,7.84,5.32,9.67,3.19,7.75,7.15,8.09,2.12,2.97,7.72,4.27,5.71,3.96,6.22,8.42,11.97,6.54,5.12,3.13,3.7,10.49,8.19,9.4,5.3,3.55,12.31,3.94,5.99,7.12,10.68,3.37,5.22,5.71,3.37,8.23,7.87,7.34,5.11,0.71,2.89,7.48,10.34,2.09,7.04,7.85,2.48,-14.32,16.71,4.46,7.79,31.34,5.46,0.6,1.55,0.51,10.76,2.67,14.95,0.0,7.57,-0.23,6.28,7.41,7.13,8.93,-14.84,10.16,3.11,0.0,2.52,2.94,3.58,3.48,9.97,6.23,1.92,4.87,14.35,6.2,7.08,3.5,3.65,4.36,6.0,10.84,5.97,8.28,3.98,2.8,13.64,5.69,9.42,6.83
2023-03-01,-21.6,11.51,9.68,11.09,8.93,19.0,19.97,20.04,14.18,10.31,11.91,11.68,5.88,19.15,17.84,17.33,16.62,8.99,3.13,5.04,4.45,2.57,3.31,-9.9,25.46,2.7,4.41,9.3,12.26,7.78,9.62,8.41,-14.7,3.85,-12.56,-10.98,18.52,9.14,-6.0,21.77,4.1,-6.62,0.81,-0.55,9.38,3.32,10.09,7.12,20.02,47.17,3.69,18.49,17.04,2.35,2.36,1.61,13.77,-8.28,9.44,8.95,-0.65,4.38,1.96,4.08,4.33,-19.59,-30.87,8.02,-11.67,0.0,33.31,0.63,-0.75,-8.0,-14.42,-24.13,-21.6,10.82,-13.12,-7.59,1.3,12.4,21.41,3.47,9.2,0.0,11.61,-1.63,1.25,3.54,-0.4,3.15,-11.64,2.49,8.05,0.55,-0.79,5.58,2.11,0.52,3.49,0.19,4.62,6.25,11.97,18.52,40.05,15.38,6.4,5.45,28.61,-2.53,10.92,3.66,6.0,7.65,7.79,8.63,8.24,7.12,6.06,3.74,14.44,1.02,3.08,5.54,4.66,1.02,2.62,0.09,4.45,4.15,8.91,6.67,4.18,4.08,0.61,4.33,1.28,6.24,-1.34,2.13,1.46,9.55,8.47,7.57,9.99,7.8,7.96,8.0,9.17,7.25,7.69,7.65,7.18,4.07,2.53,9.75,7.43,7.4,3.04,8.33,18.53,8.65,6.62,8.2,8.82,8.12,9.1,7.73,4.91,8.34,4.4,3.32,3.1,19.97,7.88,35.09,2.34,4.51,-7.97,6.44,11.33,11.94,6.95,10.14,6.08,6.21,5.46,5.39,5.01,6.45,5.14,6.89,6.47,6.97,4.25,1.97,6.57,8.43,8.02,5.49,3.99,5.35,3.87,6.71,8.2,5.8,7.96,3.25,7.31,5.66,8.89,5.67,3.19,6.51,4.53,6.08,4.18,5.94,6.66,11.68,6.38,5.1,3.36,3.62,9.23,8.09,9.05,5.06,3.36,7.18,4.17,5.62,7.2,9.94,3.17,4.36,6.01,3.36,7.89,7.83,6.48,5.02,0.0,1.91,7.16,10.47,0.97,6.67,7.45,2.42,-14.32,13.9,0.98,7.79,32.84,4.67,0.94,1.16,-1.29,11.52,1.53,22.82,0.0,6.56,1.52,2.15,7.43,7.03,9.77,-14.84,8.08,2.79,0.0,2.27,2.26,3.52,3.48,10.13,5.98,1.61,4.04,13.24,6.18,6.87,3.36,3.5,4.27,6.11,10.02,5.12,8.05,4.41,2.8,10.68,-1.04,6.83,7.11
2023-04-01,-23.84,11.37,9.51,10.66,8.68,34.47,15.39,17.02,12.82,9.13,11.34,10.77,4.18,18.67,15.14,13.72,13.68,5.12,3.49,4.9,4.2,1.68,2.19,-9.03,29.04,2.62,3.1,8.78,12.5,8.24,9.3,5.88,-17.38,-0.22,-12.23,-18.79,17.61,9.73,-10.98,16.57,4.1,-12.75,10.42,-2.44,8.49,5.66,10.09,3.13,12.06,-23.82,-12.75,18.49,17.04,2.35,3.31,-6.87,7.88,-10.49,8.54,8.42,-0.78,4.46,1.59,3.32,4.86,-15.38,-15.92,4.89,-2.3,8.19,49.12,-1.54,-15.96,-4.75,-14.47,-20.05,-20.31,8.23,-3.96,-7.51,0.0,9.84,-23.93,3.89,8.86,-4.23,13.8,-1.02,1.71,4.88,-1.35,4.0,-11.1,2.75,7.79,0.12,-0.46,5.32,2.11,1.57,3.82,3.78,3.5,5.95,11.29,16.94,45.41,9.95,4.96,4.35,27.51,-1.04,10.04,2.41,5.65,7.48,7.14,7.38,7.84,6.16,5.29,3.55,14.4,1.1,2.93,5.43,4.57,3.41,2.72,-1.15,4.88,4.9,10.07,6.63,3.44,3.96,0.94,3.88,-0.05,5.66,-1.52,2.3,2.28,8.7,7.64,7.17,9.08,6.95,7.23,7.63,7.99,6.34,7.0,6.95,6.43,4.68,2.54,8.67,7.0,6.81,2.85,7.3,17.33,8.42,6.37,7.33,8.06,7.36,7.88,6.96,4.8,7.65,3.94,4.83,2.25,15.14,-12.93,31.72,-6.9,1.9,-9.09,5.71,11.13,11.84,6.2,9.47,5.46,5.88,5.57,4.79,9.19,5.91,5.7,6.32,6.8,7.04,4.38,1.53,5.5,6.38,6.61,2.44,3.96,3.94,0.55,6.14,7.3,5.38,6.25,4.96,6.78,5.12,7.87,5.67,2.96,4.55,4.66,5.7,5.2,5.37,6.95,10.65,6.29,4.75,4.0,3.33,7.53,8.06,8.71,4.81,2.75,7.18,4.03,5.28,7.11,7.51,3.22,4.68,5.45,3.28,7.89,7.35,5.62,4.36,-8.17,-7.05,5.65,12.13,1.09,5.61,6.32,1.39,-14.32,9.94,-4.56,4.79,34.0,4.49,0.86,1.15,-2.28,12.18,0.06,23.23,0.0,6.42,2.07,2.63,7.26,6.58,7.8,-14.84,6.44,2.41,0.0,3.55,2.34,3.71,3.47,9.99,6.04,3.25,3.61,11.93,6.02,6.54,3.08,3.14,3.98,6.36,9.31,4.46,8.4,4.32,7.84,13.82,4.74,7.58,6.81
2023-05-01,-21.47,11.46,9.71,10.55,8.14,34.65,12.61,14.36,11.15,8.45,10.25,9.94,6.37,16.86,15.42,9.72,11.75,9.14,4.13,4.45,4.17,1.38,3.35,-7.61,29.31,1.12,6.65,8.85,12.65,8.97,8.69,4.92,-20.3,-2.85,-12.48,-24.45,16.78,9.27,-15.45,11.24,29.89,-3.11,16.96,-2.94,8.72,6.59,10.09,0.42,10.47,-20.59,2.81,18.49,17.04,21.43,5.62,-1.72,2.25,-12.22,8.67,4.84,-1.16,3.46,1.34,2.71,4.35,-14.37,-5.48,4.73,-1.94,23.2,100.96,-1.41,-52.8,-4.3,-14.6,-19.86,-12.84,13.1,21.01,-1.2,-10.65,5.25,-22.21,7.18,8.93,-4.0,16.78,-0.41,2.17,5.81,-1.85,5.01,-9.87,3.89,6.96,0.79,-0.07,5.31,2.11,2.17,4.97,2.53,4.45,5.58,8.6,15.28,58.62,5.55,4.14,3.52,25.8,0.53,9.54,1.75,5.25,7.47,6.51,6.74,7.45,5.66,4.8,3.18,13.79,1.1,2.86,5.2,4.68,4.64,2.18,-0.04,3.93,4.09,12.0,6.37,3.99,3.54,0.99,4.03,-1.05,5.59,-1.7,2.41,3.38,7.72,6.56,5.83,8.03,6.74,6.3,6.78,6.84,5.63,6.32,6.22,6.28,4.64,-0.3,7.8,6.14,6.71,1.5,6.54,17.39,7.8,6.23,6.71,7.14,6.44,6.75,6.28,4.79,7.28,3.79,2.74,5.21,10.98,-19.11,36.46,-5.49,3.49,-8.59,5.26,9.07,9.36,6.82,8.75,5.18,6.07,4.76,5.4,10.88,5.39,5.43,6.17,6.17,6.78,1.93,1.52,4.61,3.41,6.91,1.92,3.6,3.38,0.07,6.21,6.13,7.43,5.61,2.36,6.99,5.8,7.85,5.67,3.1,5.2,3.65,5.22,5.3,4.61,6.77,9.6,5.79,4.53,4.71,2.97,6.07,7.6,8.55,4.72,2.57,2.32,4.12,5.16,7.01,7.34,2.85,5.29,5.42,3.15,8.03,7.0,4.99,3.77,-6.55,-5.31,5.28,4.06,0.58,3.52,4.98,0.83,-11.46,8.0,-5.47,4.79,28.68,4.46,1.2,1.28,-2.71,9.86,-0.58,20.92,0.0,6.1,1.67,2.52,7.16,6.18,5.54,-14.84,6.12,2.52,0.0,2.95,4.75,3.32,3.58,9.93,5.89,2.63,4.37,10.11,5.67,6.15,2.93,3.06,3.9,5.98,17.07,3.88,8.46,4.82,2.38,18.16,12.95,11.14,6.57
2023-06-01,-21.95,11.98,10.14,11.63,7.38,34.65,12.37,13.66,10.73,7.73,9.07,8.87,6.55,15.01,15.39,8.4,9.94,4.9,5.34,4.5,4.03,1.08,2.72,-1.51,30.16,2.89,7.03,8.56,12.89,9.3,8.58,4.66,-22.51,-3.89,-12.73,-27.61,16.72,9.16,-18.79,4.3,-7.14,7.33,0.92,-2.48,9.21,4.81,10.09,1.93,10.02,-18.53,11.14,18.49,17.04,23.49,6.35,11.14,5.55,-12.13,9.83,4.34,-1.48,3.22,1.57,2.3,5.21,-13.81,1.72,4.14,8.86,41.16,148.62,0.15,-34.05,8.73,-4.81,-21.12,4.24,15.03,21.3,3.71,-13.48,14.38,-7.25,9.11,8.85,-4.0,27.5,0.75,2.97,7.51,-2.24,6.7,-8.98,3.58,5.79,1.47,0.33,5.81,0.0,2.69,6.24,3.38,5.61,5.49,6.15,13.68,74.62,3.02,4.0,3.16,25.01,1.06,9.06,1.5,4.78,5.94,5.99,6.3,6.8,5.25,4.51,2.93,14.56,1.02,3.18,4.83,5.13,6.0,1.8,2.59,2.63,3.48,12.43,6.08,4.07,3.48,1.41,3.91,-2.18,5.67,-1.91,1.61,3.27,7.12,5.95,6.09,7.26,6.89,5.73,6.14,6.08,5.3,5.95,5.66,5.39,5.81,1.28,7.4,5.43,6.62,0.0,6.15,14.89,7.6,6.2,6.06,6.48,6.09,5.95,6.0,4.57,7.23,3.78,2.04,8.72,9.23,-26.76,29.06,-0.31,3.16,3.93,4.8,6.11,8.74,7.12,7.75,4.78,5.45,4.53,5.86,12.17,5.06,5.28,5.37,5.99,6.35,1.56,1.17,4.37,5.12,6.34,3.19,3.38,3.21,1.39,6.59,5.27,8.14,5.41,4.53,6.48,5.51,7.77,5.67,2.94,4.52,4.14,5.52,2.77,4.41,6.72,8.46,5.44,4.32,4.37,2.82,5.57,7.44,8.55,4.32,2.24,2.73,3.46,4.93,6.98,7.89,2.66,4.62,5.51,3.14,8.01,6.97,4.38,3.34,-0.35,-0.1,5.05,4.27,0.64,2.91,4.44,0.77,1.1,7.41,-4.77,5.51,28.3,4.2,1.02,1.21,-2.35,6.48,-0.86,16.61,0.0,5.63,4.48,2.95,7.05,5.81,4.36,-14.84,5.52,2.64,0.0,2.58,3.07,3.19,4.39,9.87,6.42,2.49,4.63,8.77,5.65,5.76,2.79,2.85,4.15,6.1,16.73,4.16,8.21,3.36,2.47,16.14,12.93,8.52,6.44
2023-07-01,-21.95,13.09,12.15,11.52,7.35,34.65,12.0,12.52,10.88,6.62,8.02,7.29,4.96,9.8,16.83,5.68,9.64,0.89,6.57,4.55,3.89,1.18,2.19,0.32,21.66,3.3,3.82,8.34,12.87,9.36,7.8,5.06,-21.71,-1.67,-11.03,-25.77,15.88,8.85,-18.88,2.91,-1.37,24.49,-0.62,-2.9,9.76,6.45,10.09,3.97,8.39,-16.79,-0.22,44.97,17.04,23.49,14.0,7.82,10.33,-12.6,11.45,6.51,-1.61,4.39,1.97,2.09,5.51,-13.3,11.78,12.26,10.54,69.94,177.19,8.65,202.09,31.93,15.07,-9.11,50.31,24.12,36.13,17.72,-0.61,19.98,-4.27,18.26,7.78,-4.0,34.05,1.65,3.7,9.14,-2.02,7.91,-7.02,2.56,7.16,1.28,0.92,6.17,0.0,3.48,7.01,4.11,4.8,5.4,3.84,12.61,101.13,0.78,3.59,3.43,23.14,3.22,8.35,1.59,4.64,5.82,5.6,5.53,6.7,4.94,4.36,2.99,15.31,1.02,3.11,4.95,4.78,6.74,2.44,3.6,2.88,3.25,11.95,5.85,4.58,3.42,1.5,3.24,-1.61,7.88,-1.91,0.99,3.42,6.3,5.36,5.9,6.87,5.97,5.19,5.5,5.4,5.04,5.66,5.36,5.59,2.47,0.3,6.73,5.28,5.69,-0.06,5.42,14.08,7.1,6.17,5.59,5.9,5.94,5.04,5.34,4.42,7.25,3.14,-0.25,13.42,4.96,-32.26,21.34,-0.19,3.46,0.65,4.58,5.88,10.87,6.97,7.75,4.19,5.32,4.25,5.03,12.85,4.91,4.86,5.82,6.02,5.2,-1.81,0.55,3.74,2.83,6.17,3.7,2.81,3.34,0.76,-0.07,4.3,7.83,5.23,3.83,5.45,6.17,8.13,5.67,3.37,3.66,4.52,5.49,4.86,4.27,6.07,7.68,5.09,4.24,4.57,2.75,4.76,4.27,8.38,3.76,2.44,3.54,4.62,4.85,6.84,7.31,3.2,5.08,5.64,3.07,8.29,6.92,3.9,3.18,-0.14,0.16,4.83,1.77,0.64,2.1,3.96,1.21,1.1,7.14,-6.32,5.51,22.66,4.35,1.02,1.47,-2.92,9.26,-1.49,15.63,0.0,5.75,1.6,3.25,6.71,5.65,4.34,-14.84,5.74,2.82,0.0,3.66,3.21,3.5,5.18,9.4,5.8,2.42,4.34,6.85,5.49,5.33,2.58,2.91,4.26,6.13,-0.32,2.7,7.78,3.02,2.51,16.73,19.92,8.27,6.2
2023-08-01,-21.95,12.54,12.11,7.07,7.62,34.65,9.33,8.84,8.79,6.07,7.22,5.99,-0.56,3.77,17.22,5.85,8.47,1.82,8.68,4.29,3.59,0.99,1.87,5.18,22.1,2.93,4.31,7.73,13.82,8.88,6.99,4.61,-19.57,0.22,-9.89,-24.46,14.31,8.58,-18.04,2.2,17.96,30.4,5.11,-2.73,8.59,1.49,10.09,4.42,6.57,-21.17,-0.22,26.45,17.04,23.49,21.11,8.54,8.21,-12.94,13.29,7.39,-1.99,5.26,2.07,1.3,5.72,-14.29,23.29,11.78,-4.21,97.18,158.19,1.45,179.17,13.66,3.87,-12.81,18.13,5.94,9.15,4.04,-4.12,6.97,-10.33,8.29,8.39,-4.0,32.28,2.8,5.06,9.28,-2.18,6.82,-5.06,1.39,7.72,3.25,1.64,5.85,0.0,3.8,6.26,2.56,6.19,5.24,3.16,11.38,118.5,-0.9,6.03,6.14,19.28,5.24,8.26,1.79,5.0,6.17,5.51,5.28,5.69,4.86,4.22,2.98,16.28,0.93,2.91,4.73,4.85,7.07,3.77,1.76,3.46,3.42,10.07,6.02,4.99,3.26,2.29,2.86,-2.58,9.09,-1.74,1.27,3.46,5.61,4.89,6.14,5.83,5.99,4.82,5.18,4.68,4.66,5.19,4.97,5.08,3.46,-0.06,6.2,5.01,4.75,0.56,4.99,12.92,7.1,6.14,5.2,5.32,5.37,4.22,4.89,4.33,6.95,3.0,-0.25,13.49,4.24,-25.09,17.25,-0.06,3.81,1.67,4.2,5.21,11.89,7.7,7.45,3.44,4.89,3.78,5.48,15.89,4.83,4.32,5.39,5.79,4.52,-4.31,0.34,3.46,1.18,5.89,1.07,2.46,2.89,0.69,1.02,3.28,6.72,4.94,3.7,5.04,5.88,7.31,3.24,3.44,4.38,3.86,5.15,5.5,3.79,5.02,6.74,4.68,3.89,0.47,2.67,4.22,4.2,8.02,3.8,2.82,0.41,4.71,4.98,6.87,5.93,3.14,5.61,5.41,2.94,8.39,6.95,3.44,2.75,0.21,0.36,4.82,2.24,0.45,2.46,3.89,1.71,1.1,6.65,-10.82,5.51,22.66,4.17,1.11,1.28,-3.12,6.83,-1.77,15.14,0.0,5.23,2.58,3.25,6.61,5.28,4.26,-14.84,6.31,2.82,0.0,3.15,3.56,4.0,5.23,8.94,5.65,2.65,4.78,5.35,5.21,5.08,2.44,2.77,4.72,6.25,1.22,2.64,7.41,3.26,3.13,15.07,20.77,7.12,6.12
2023-09-01,-21.95,11.9,10.62,5.27,8.14,34.65,7.93,6.59,7.36,5.35,6.07,4.72,-0.89,-1.03,16.85,5.69,7.52,2.32,10.1,4.14,3.97,1.5,1.6,6.28,13.2,2.54,6.48,6.95,13.63,8.21,6.07,5.33,-18.44,2.13,-9.32,-22.6,12.07,8.67,-16.51,4.86,-5.5,23.39,-1.85,-2.81,8.13,0.8,10.09,2.78,7.22,-21.17,-0.22,33.4,17.04,23.49,24.32,15.41,11.95,-13.33,13.16,8.06,-2.44,4.97,1.95,2.49,6.31,-15.6,35.88,2.09,-20.95,110.78,130.27,-3.68,-21.38,1.23,-6.58,-14.89,2.58,-6.52,-0.78,-1.1,-2.71,-5.24,-9.93,-2.53,7.97,-4.0,37.29,7.62,9.59,11.2,-1.4,7.95,-2.78,2.64,7.76,8.05,4.85,6.67,0.0,4.73,6.1,0.97,4.26,4.83,2.53,9.17,122.81,-1.87,8.04,8.16,16.09,5.81,7.97,1.98,4.61,5.19,5.33,4.7,4.95,4.46,3.55,2.8,16.52,0.08,2.45,5.13,4.63,6.95,3.33,1.74,3.23,3.0,8.32,5.78,4.82,3.05,2.33,2.85,-2.58,9.9,-2.04,1.32,3.5,4.92,4.09,5.61,4.88,5.14,4.17,4.5,3.78,4.39,4.67,4.41,4.76,3.51,1.03,5.46,4.63,4.73,-0.44,4.34,12.62,6.4,6.06,4.51,4.52,4.57,3.18,4.36,3.91,6.46,3.07,-0.25,11.18,-12.72,-17.36,19.09,-0.06,3.81,0.5,3.34,5.04,10.94,7.41,6.75,3.61,4.76,4.1,5.53,15.63,4.45,3.95,5.13,5.42,4.25,-5.22,-0.07,3.45,5.09,6.06,1.07,2.8,2.23,2.6,0.81,3.27,7.29,4.5,3.87,4.8,5.52,6.46,1.01,3.21,4.32,3.72,4.34,5.6,3.31,4.19,5.75,4.21,3.43,1.29,2.66,3.52,6.95,7.08,3.31,3.08,-2.24,4.7,4.96,6.66,6.79,2.83,6.2,4.97,2.68,8.1,6.68,2.78,2.26,0.21,0.36,4.66,2.35,0.25,2.46,3.71,1.37,1.1,4.43,-15.41,5.51,22.66,3.58,1.11,1.34,-3.54,10.26,-1.88,5.85,0.0,4.99,5.63,3.79,6.15,4.98,4.37,-14.84,6.52,2.44,0.0,3.74,5.28,3.22,5.4,8.23,5.4,2.94,5.07,4.21,4.81,4.66,2.37,2.62,4.5,6.28,3.51,3.25,6.27,3.34,3.13,17.49,24.74,9.28,6.1
2023-10-01,-21.96,11.64,10.13,4.51,7.14,36.62,7.61,5.77,6.8,4.89,5.36,3.96,-1.45,-2.68,18.26,7.69,6.45,4.97,11.93,3.95,3.91,1.97,1.13,2.66,11.77,3.82,9.3,6.38,14.14,7.92,5.69,5.49,-17.7,1.74,-6.05,-22.58,10.29,8.8,-14.68,10.42,-5.5,-11.72,-4.41,-1.67,9.34,2.88,-0.24,1.54,12.6,-21.17,-0.22,47.88,17.04,23.49,28.68,19.34,11.61,-13.63,12.19,8.77,-2.82,4.24,2.12,1.1,6.14,-17.73,42.38,0.92,-19.85,120.75,115.45,0.57,-43.86,7.1,-6.15,-15.96,5.21,1.58,11.33,-0.39,-7.24,3.41,0.6,1.28,7.28,-4.0,40.94,11.23,12.97,12.75,-0.17,9.26,0.67,1.82,8.61,10.09,7.27,6.68,0.0,5.83,5.94,0.42,3.31,4.55,2.66,7.08,124.88,-2.96,9.63,9.41,13.8,6.99,7.58,1.93,4.36,4.36,4.99,4.47,4.38,4.18,3.87,2.85,16.85,0.17,2.25,5.19,4.22,6.94,3.48,3.24,2.85,2.95,9.26,5.41,4.71,2.65,2.95,2.95,0.0,11.18,0.0,1.27,3.38,4.25,3.8,5.47,4.17,3.95,3.81,4.08,3.25,3.97,4.54,4.34,4.75,8.35,0.79,4.94,4.79,4.23,-1.24,3.87,12.23,6.28,5.72,4.14,4.15,4.2,2.62,3.92,3.75,6.38,3.42,1.88,10.39,-12.72,-12.65,17.14,0.06,3.25,0.21,2.96,5.11,9.69,6.84,6.67,3.61,4.58,4.35,5.4,14.72,4.19,2.95,4.24,5.58,3.53,-5.03,0.21,3.51,-1.92,6.25,1.07,2.39,2.75,3.66,-0.34,2.19,7.83,4.22,2.26,5.33,5.62,6.54,0.94,3.2,4.53,4.72,4.07,5.14,2.96,3.79,4.72,3.99,3.36,2.19,2.38,2.92,3.58,6.92,3.14,2.21,-4.2,4.75,4.94,6.56,9.54,2.7,6.52,4.8,2.67,8.16,6.17,2.39,1.91,0.28,0.42,4.45,2.4,0.13,1.93,3.02,1.7,1.1,4.11,-19.83,5.51,21.58,3.41,1.28,1.47,-4.1,9.35,-1.83,5.42,0.0,4.91,6.32,3.98,5.94,4.97,3.76,-14.84,6.22,2.55,0.0,3.51,5.28,3.46,5.08,7.29,5.27,2.88,5.47,3.44,4.54,4.24,2.17,2.62,4.41,6.33,3.18,2.98,6.02,3.51,3.52,16.55,20.3,9.41,5.52
2023-11-01,-21.47,11.81,9.67,4.62,7.41,36.62,6.36,5.06,6.13,4.24,4.92,3.34,-1.45,-0.24,16.85,6.23,6.94,4.44,13.76,3.76,3.85,2.82,0.41,-0.84,10.08,4.06,5.9,5.75,14.08,7.4,4.97,5.5,-19.01,1.01,-3.59,-24.11,8.5,8.55,-14.62,16.52,-5.5,-18.88,3.41,0.51,10.94,8.45,-10.23,0.18,9.24,-21.17,-0.22,4.16,17.04,23.49,33.77,10.76,12.27,-13.2,11.17,9.12,-2.44,3.58,1.83,0.9,6.45,-15.57,86.32,1.23,-11.17,137.31,103.71,-2.18,11.33,6.36,-6.07,-8.91,4.56,7.09,16.29,0.41,-5.32,13.48,7.53,3.36,6.25,-4.0,42.38,13.05,14.5,13.33,0.11,11.8,2.4,2.25,9.57,12.11,8.92,6.71,0.0,7.1,5.77,0.84,4.1,3.95,3.75,5.58,122.63,-3.67,10.58,10.23,10.52,8.2,7.43,1.82,4.22,5.12,4.62,3.85,4.09,3.78,3.8,2.9,16.28,0.17,1.99,4.91,4.02,6.47,3.53,3.41,2.69,2.2,9.85,4.85,4.65,2.3,2.9,3.1,0.0,9.23,0.95,1.43,4.36,3.6,3.62,6.35,3.76,4.05,3.3,3.71,2.62,3.71,4.04,4.03,4.38,5.43,0.96,4.7,4.61,3.44,-1.3,3.63,10.64,6.12,5.28,3.76,3.73,4.19,2.17,3.91,3.56,6.2,2.72,0.74,10.45,-12.78,-15.32,17.55,0.06,2.3,-0.07,2.59,3.2,9.69,5.66,6.54,3.89,4.67,4.13,5.84,13.6,3.94,1.22,4.32,5.36,3.08,-4.49,-0.61,3.37,2.37,6.43,1.96,1.91,2.53,1.9,-0.2,2.04,8.51,4.15,2.66,4.98,6.34,7.04,0.94,3.2,3.43,4.83,4.0,5.02,3.19,3.9,3.76,3.4,3.09,1.94,2.16,2.54,3.44,6.38,2.87,2.47,-3.63,5.18,4.87,6.23,7.06,2.7,6.21,4.33,2.54,8.11,5.86,2.01,1.7,0.28,0.42,3.77,2.4,0.0,2.03,2.96,1.81,1.1,4.62,-15.55,5.51,15.68,2.9,1.37,1.46,-3.88,9.74,-1.89,5.25,0.0,3.91,5.99,3.98,5.68,4.78,3.43,-14.84,6.32,2.61,0.0,2.32,5.2,3.4,5.01,6.36,5.16,3.0,6.92,2.97,4.33,3.71,2.03,2.41,4.27,5.69,1.95,3.04,5.53,3.58,3.52,17.51,19.06,9.62,5.05
2023-12-01,-21.47,12.33,9.73,5.62,8.17,36.62,4.69,4.16,5.14,3.61,4.18,2.54,-1.0,1.72,14.31,6.44,6.17,-2.05,15.35,3.57,3.8,3.32,0.18,-3.91,10.99,4.1,4.36,5.07,13.87,7.19,4.14,5.74,-19.36,1.53,-3.07,-23.31,7.07,8.15,-14.07,16.6,-5.5,-10.51,-8.07,0.69,11.99,16.19,-0.57,-1.44,-1.37,-21.17,-0.22,4.16,17.04,23.49,36.74,9.11,11.02,-13.62,10.35,9.41,-2.57,1.7,2.7,0.9,6.41,-8.84,73.97,7.05,0.29,198.98,98.84,8.28,33.46,31.95,10.14,9.54,7.22,16.44,11.59,11.38,-8.76,23.72,14.17,8.25,5.64,-4.0,42.43,13.75,15.25,13.15,0.11,13.29,4.67,3.85,10.71,13.02,10.05,7.24,0.0,7.88,6.87,0.0,4.8,3.68,3.62,4.34,114.33,-4.46,10.97,9.85,8.19,7.89,7.32,1.52,4.02,4.19,4.5,3.57,3.7,3.67,3.72,2.66,16.04,0.0,1.92,4.76,3.68,6.57,3.47,3.63,2.58,2.31,7.75,4.54,4.51,1.85,3.09,3.25,0.0,8.38,0.95,1.04,4.19,2.95,3.39,5.08,3.41,3.76,3.07,3.41,2.16,3.36,3.92,3.97,4.26,3.97,-0.65,4.53,4.4,2.32,-2.59,3.23,10.19,5.6,4.95,3.51,3.43,4.23,1.89,3.83,3.46,5.98,2.99,2.87,10.52,-13.04,-19.5,14.64,0.12,2.89,-0.91,2.81,4.0,6.53,5.49,6.32,3.59,3.87,4.12,5.97,14.99,3.51,2.2,3.9,5.36,2.81,-4.32,1.03,2.88,0.68,4.4,-0.57,1.49,2.6,1.33,-0.27,0.72,6.9,3.68,2.54,4.36,7.49,7.91,1.42,3.19,3.37,4.69,4.06,5.18,3.12,3.13,3.01,3.07,2.7,2.96,2.3,2.32,8.74,5.63,3.29,3.52,-6.11,5.0,4.85,5.73,6.22,2.63,6.66,3.97,2.29,8.08,5.83,1.75,1.42,0.21,0.42,3.29,2.71,0.19,1.71,3.01,1.81,2.8,4.62,-18.82,5.51,3.92,2.65,1.37,1.53,-2.71,9.47,-1.67,2.96,0.0,3.19,9.2,0.05,5.36,4.37,2.78,-14.84,6.86,2.55,0.0,2.39,5.56,3.7,4.94,5.64,5.04,3.06,6.77,2.73,4.01,3.47,1.9,2.61,4.05,5.47,1.31,3.38,6.2,3.57,3.73,15.94,14.4,10.2,4.79
2024-01-01,0.16,12.94,10.61,6.17,8.19,13.0,2.33,2.86,4.53,3.17,3.71,2.14,-0.28,3.79,12.38,5.64,5.41,-2.26,16.5,3.62,3.64,2.96,1.16,-4.02,15.26,4.42,5.55,4.64,12.03,6.36,4.13,5.17,-19.46,1.36,-1.66,-22.89,5.13,7.69,-13.74,12.68,-5.5,46.19,-2.34,0.09,10.33,21.35,-2.77,-7.39,-5.35,-21.17,-0.22,4.16,-29.42,23.49,31.52,-0.36,6.25,-13.4,9.43,7.16,-2.26,1.56,3.34,1.17,6.67,-1.95,29.64,15.13,11.34,223.59,93.28,14.25,38.31,33.8,22.26,21.85,7.37,8.63,8.66,14.36,15.03,20.54,15.83,10.64,5.51,0.0,39.1,13.58,14.94,12.62,-0.23,13.77,4.39,5.08,10.89,12.21,10.1,7.01,0.67,8.02,7.96,0.18,3.29,3.22,3.62,3.56,89.67,-5.0,11.61,9.15,5.9,7.45,6.94,1.17,3.64,3.82,4.58,3.39,3.68,3.5,3.7,2.83,16.11,0.17,1.46,3.59,3.15,4.61,3.3,1.8,2.68,2.31,6.41,4.63,4.42,1.65,3.14,3.25,0.0,8.57,1.27,2.64,4.09,2.63,3.17,4.98,3.19,3.64,2.68,3.11,1.71,3.23,3.7,3.49,3.6,4.21,-0.53,4.19,4.32,1.55,-1.61,2.78,9.74,5.18,4.78,3.44,3.18,4.04,1.62,3.7,3.09,5.79,3.14,0.79,10.44,-13.27,-14.23,11.51,0.12,2.06,-0.35,2.67,2.91,8.07,6.17,6.09,3.21,3.63,3.85,5.84,14.27,3.45,2.18,3.75,4.52,2.81,-2.81,0.0,2.47,1.18,5.12,0.32,1.29,2.82,1.19,-0.41,-1.07,6.71,3.51,2.31,3.75,6.7,7.7,1.42,3.4,2.4,4.17,3.4,4.81,3.0,2.95,2.39,2.75,2.5,3.93,2.16,2.09,3.22,5.71,2.97,3.56,-6.33,4.92,4.79,5.41,6.16,2.21,5.52,3.9,2.1,6.71,5.4,1.62,1.28,0.21,0.47,2.83,2.76,0.25,1.87,2.84,2.03,2.8,4.03,-15.52,5.51,3.79,2.4,1.19,1.52,-0.29,1.9,-0.87,2.96,0.0,3.33,9.12,0.05,5.04,3.62,2.9,-14.84,5.82,2.36,0.0,2.83,4.77,3.06,4.67,5.18,5.15,3.41,6.57,2.39,3.69,3.13,1.69,2.6,4.19,4.91,1.5,3.91,5.77,1.84,4.47,12.15,9.12,9.3,4.43
2024-02-01,0.16,12.9,10.6,5.97,9.04,1.98,1.95,1.22,3.3,3.1,3.5,1.61,4.61,4.7,12.74,4.11,3.74,4.48,16.68,3.37,3.64,3.81,3.61,5.64,11.47,6.14,10.69,3.8,11.35,5.79,3.61,5.22,-18.14,0.17,2.44,-21.25,3.14,6.91,-12.35,4.91,-5.5,14.77,-2.37,0.87,10.48,17.72,-2.77,-9.36,-8.02,-21.17,-0.22,4.16,2.0,23.49,20.8,-4.44,3.61,-13.36,7.13,6.11,-2.46,1.64,3.59,0.39,7.44,12.38,21.87,19.94,24.91,263.93,83.34,12.75,41.83,23.15,26.07,30.46,11.44,-1.4,29.15,14.7,32.96,14.52,22.7,9.84,5.49,0.0,36.82,13.93,14.79,12.04,-0.57,14.42,5.69,4.4,9.38,12.87,10.74,7.15,0.85,7.8,9.08,0.68,3.18,3.14,3.13,3.07,65.4,-4.67,12.23,9.34,5.03,7.89,7.44,1.12,3.45,4.02,4.15,3.28,3.4,3.28,3.25,2.54,15.64,0.34,1.34,3.25,2.68,4.05,3.87,1.76,3.03,2.2,5.04,4.26,3.75,1.45,2.9,2.5,0.0,8.12,1.41,2.69,3.86,2.31,2.73,4.99,2.84,3.06,2.56,2.93,1.6,3.22,3.37,3.25,3.3,4.42,0.35,4.08,3.84,1.03,-0.86,2.44,1.34,5.06,4.6,3.26,2.94,3.4,1.45,3.68,2.83,5.12,2.21,0.85,10.36,-13.27,-11.06,11.13,-0.06,2.19,1.43,2.97,3.55,8.91,5.4,5.27,3.32,3.16,3.83,6.84,15.54,3.44,2.19,3.75,4.76,2.5,-3.04,0.47,2.46,1.17,3.75,-0.13,1.08,2.81,0.28,-0.41,-2.38,5.65,3.5,2.31,2.84,6.5,6.61,0.53,3.39,2.83,3.98,3.01,4.75,2.64,2.41,1.84,2.3,2.37,3.69,2.22,2.01,3.4,5.78,2.65,2.51,-7.89,5.36,4.62,5.09,4.42,2.04,4.64,3.44,1.91,6.0,4.68,1.55,1.28,0.14,0.31,2.43,2.76,0.64,1.81,2.5,1.98,1.1,4.45,-8.35,5.51,2.38,1.75,1.36,1.46,-0.65,6.38,-0.87,2.88,0.0,3.18,9.31,0.33,4.84,3.44,3.15,-14.84,5.21,2.36,0.0,1.59,3.86,2.55,4.28,4.53,5.03,3.64,5.71,2.16,3.25,3.01,1.63,2.46,4.31,4.82,1.62,0.23,5.75,2.08,4.47,10.21,8.23,8.05,4.31
2024-03-01,0.16,12.69,11.33,7.41,9.89,1.98,4.74,2.08,3.52,2.8,3.39,1.54,4.61,2.8,10.53,4.81,4.68,4.86,16.59,3.18,3.96,3.97,5.24,8.58,10.39,6.6,10.33,3.33,11.53,5.4,2.93,4.78,-15.12,-1.18,3.34,-17.96,2.16,6.35,-10.15,-0.12,-5.5,14.83,-1.88,2.16,9.58,11.18,-2.77,-9.91,-6.79,-21.17,21.79,4.16,2.0,23.49,13.59,1.59,2.53,-11.87,5.51,4.95,-2.02,2.4,4.43,-0.77,7.3,40.91,36.94,14.65,23.34,150.59,68.36,11.86,32.61,18.75,29.99,36.55,13.13,-7.69,8.83,15.4,29.04,9.05,10.7,8.17,5.18,0.0,33.6,14.24,15.35,11.59,-0.57,14.51,5.64,6.01,8.17,12.9,11.28,7.03,0.85,7.66,8.67,2.73,2.98,2.94,2.71,2.43,50.0,-3.54,13.32,8.74,3.74,7.19,7.24,1.22,3.27,3.58,4.13,2.95,3.23,3.12,3.11,2.31,15.83,0.25,1.08,2.98,2.61,3.56,4.54,1.28,3.18,2.02,3.18,4.06,3.24,1.4,3.0,2.23,-0.84,7.72,2.09,2.74,3.79,2.51,2.67,4.57,2.61,3.4,2.39,2.58,1.43,3.04,3.26,3.0,3.06,3.97,-0.06,3.9,3.72,0.68,-1.29,2.55,0.92,4.93,4.54,3.02,2.65,3.33,1.56,3.73,2.66,4.8,0.82,0.67,10.44,-22.68,-7.38,9.47,-1.11,1.25,0.85,3.26,3.47,8.59,5.75,4.56,3.37,2.76,3.62,5.33,17.28,3.2,2.47,3.36,3.95,1.74,-3.48,2.48,2.32,1.22,3.68,2.76,1.08,2.29,-0.14,-1.67,-2.71,5.42,3.18,2.42,2.83,5.82,4.84,-1.9,3.17,3.17,3.78,2.43,4.07,2.3,2.05,1.42,1.98,2.11,3.81,2.08,1.79,3.08,5.36,2.64,2.77,3.19,5.17,4.79,4.85,7.22,1.91,5.08,3.03,1.78,5.77,4.33,1.55,1.08,-0.84,-0.88,2.42,1.93,-0.06,1.76,2.33,1.7,1.1,4.44,-4.22,5.51,0.96,1.75,0.93,1.46,-0.29,3.56,-0.93,-1.42,0.0,2.97,4.64,4.01,4.53,3.26,3.01,-14.84,4.71,2.59,0.0,1.58,3.86,2.49,4.4,4.21,5.03,3.63,5.94,2.1,3.12,2.83,1.43,2.59,4.09,4.54,1.73,0.29,5.5,-0.24,5.04,12.94,10.84,9.42,4.05
2024-04-01,0.16,12.51,11.38,7.54,9.79,-9.75,6.02,3.02,3.92,2.55,3.23,1.22,6.08,1.17,10.88,4.25,4.06,0.88,17.74,3.05,3.69,4.96,7.1,13.89,6.86,6.79,7.13,2.97,11.6,4.59,2.52,5.2,-12.23,-1.46,4.64,-14.38,1.04,5.08,-8.72,-0.23,-5.5,21.4,-2.63,4.02,11.24,5.31,-2.77,-6.33,5.46,25.5,20.31,4.16,2.0,23.49,8.85,13.59,5.11,-10.5,4.95,3.97,-2.22,1.84,3.66,-0.84,6.62,53.61,36.71,12.2,19.35,109.74,54.63,10.09,41.95,7.56,15.66,34.13,18.19,-2.28,11.91,15.41,12.45,7.9,6.1,9.38,4.86,0.24,31.37,13.57,14.57,9.97,-0.4,14.31,4.51,6.94,7.83,13.45,11.17,6.46,0.73,6.2,7.77,-0.95,2.0,2.93,4.12,1.96,29.31,-2.37,15.9,7.9,-0.47,5.06,7.75,0.88,3.02,3.13,4.02,2.89,2.91,3.06,3.1,2.02,15.9,0.17,0.82,2.9,2.34,3.46,4.62,2.28,3.32,3.28,2.36,3.7,2.73,1.4,2.66,2.65,-0.84,7.37,2.27,3.29,3.45,2.35,2.51,4.13,2.27,3.22,2.21,2.4,1.37,2.92,2.99,3.11,3.63,4.0,-0.41,3.94,3.19,0.85,1.23,2.32,0.92,4.62,4.37,2.96,2.3,2.87,1.5,3.37,2.58,5.02,0.34,3.57,10.88,-24.9,1.05,8.54,-2.1,-0.68,0.86,2.85,2.49,9.28,5.04,4.63,2.94,2.64,3.48,4.19,16.25,3.02,2.81,3.08,2.86,0.8,-4.14,2.05,2.11,1.22,4.73,4.96,0.94,2.43,-0.69,-1.55,-2.29,6.11,2.82,0.16,2.5,5.45,4.24,-1.83,3.16,4.52,3.59,2.42,2.99,2.24,-0.05,1.36,1.85,2.17,8.42,2.15,1.5,2.95,5.09,2.22,3.75,3.19,5.7,4.67,4.77,8.73,1.73,4.79,2.97,1.65,4.77,4.14,1.36,1.21,-1.96,-1.98,2.61,0.41,-1.97,1.55,2.16,1.87,1.1,4.32,-2.81,7.37,-0.04,1.59,1.02,1.39,0.58,4.39,-0.41,-1.12,0.0,2.21,5.03,2.95,4.28,3.19,2.5,-14.84,4.71,2.65,0.0,0.71,3.78,2.55,4.26,3.71,4.48,3.38,6.16,1.65,3.05,2.66,1.43,2.72,4.09,4.33,1.73,0.41,4.75,-0.16,2.44,17.79,11.24,12.33,4.03
2024-05-01,0.0,12.28,11.78,7.34,10.56,-9.75,6.53,4.15,4.68,2.13,3.13,0.76,5.55,-0.4,10.79,6.51,4.8,-4.24,17.36,2.99,3.58,6.25,6.92,11.75,8.0,5.71,7.68,2.56,11.18,3.34,2.52,4.39,-8.59,-1.24,6.02,-10.85,0.78,4.46,-6.65,3.03,-5.5,20.35,7.95,5.72,11.37,8.16,-2.77,-3.11,7.26,25.36,20.57,4.16,2.0,4.6,4.81,13.13,8.9,-8.56,4.71,3.99,-1.83,1.79,3.11,-0.84,7.35,55.29,38.14,11.57,19.12,92.17,19.86,10.62,41.31,7.61,12.33,30.05,20.35,4.11,-0.29,12.31,12.68,20.25,15.87,9.7,4.34,0.0,32.1,14.84,15.09,9.32,-0.11,14.0,3.32,7.27,8.09,13.78,12.07,7.21,0.73,5.96,6.8,1.33,0.8,2.98,4.53,1.59,9.16,-1.62,18.29,7.84,-3.04,3.72,7.29,1.13,2.9,3.72,4.31,2.51,2.48,2.63,3.03,1.85,16.08,0.17,1.14,3.02,1.83,3.6,5.26,2.06,3.58,3.54,3.6,2.97,2.21,1.54,2.56,2.33,0.0,7.01,2.18,3.01,2.64,2.13,2.55,4.36,2.05,3.38,2.26,2.39,1.2,2.97,2.77,3.27,3.5,5.03,1.82,3.77,2.89,0.34,0.68,1.99,0.82,4.61,4.25,2.55,2.3,2.58,1.12,3.3,2.57,5.04,0.41,4.01,10.94,-24.88,4.76,0.35,-2.22,-1.07,1.92,2.61,2.66,7.67,5.47,4.04,3.17,1.91,6.6,3.11,13.61,2.95,1.44,2.85,3.88,0.12,-2.48,1.77,2.04,2.02,4.12,4.96,1.27,2.06,-1.71,-1.28,-2.57,4.5,2.81,2.53,1.97,3.96,4.36,-1.83,2.93,3.66,3.15,2.42,3.09,2.23,-0.41,1.0,1.91,1.86,8.63,2.28,1.72,2.56,4.77,1.79,3.9,10.41,4.78,4.71,4.75,8.47,1.44,4.58,2.77,1.59,4.22,4.07,1.3,1.35,-2.03,-2.13,2.73,0.51,-2.23,1.49,2.05,1.8,1.1,4.67,-3.7,7.37,1.52,1.03,0.59,1.01,1.25,3.39,-0.7,-0.67,0.0,2.14,4.79,2.65,4.15,2.91,3.0,-14.84,4.63,2.46,0.0,1.08,1.46,3.09,4.12,3.4,4.3,3.08,5.11,1.81,2.98,2.65,1.36,2.64,3.94,4.5,-8.27,0.99,4.37,-0.79,3.01,18.23,14.52,10.08,4.06
2024-06-01,0.0,12.21,12.11,6.3,10.77,-9.75,6.72,4.31,4.79,2.0,3.08,0.76,5.37,-1.1,9.92,6.57,5.5,0.6,16.93,2.99,4.04,6.99,7.71,5.06,7.36,6.42,4.1,2.94,10.46,2.8,2.72,2.95,-2.25,-0.4,8.22,-6.39,0.52,4.01,-3.72,7.34,5.76,6.6,2.84,7.3,10.54,14.49,-2.77,-2.97,7.06,37.01,6.17,4.16,2.0,14.9,1.97,2.76,6.75,-7.7,3.59,2.73,-0.72,1.74,2.92,-1.03,6.4,57.59,58.43,10.83,2.9,77.81,2.07,15.44,26.51,11.66,10.39,28.64,20.95,13.0,9.52,20.99,17.37,19.66,25.37,15.53,3.77,4.17,26.86,18.49,17.42,8.44,0.86,13.24,3.69,8.69,8.47,15.79,14.91,7.05,0.73,6.09,6.59,0.95,-0.98,3.04,4.31,1.43,-3.72,-0.67,20.93,9.18,-4.76,4.76,6.55,1.23,2.83,4.04,4.58,2.34,2.59,2.57,2.71,1.84,15.21,0.17,0.94,3.13,1.38,3.58,5.57,2.53,3.84,3.75,4.41,3.1,1.85,1.54,2.22,2.32,0.74,5.42,2.31,3.16,2.69,2.54,2.55,3.6,1.99,3.03,2.04,2.45,1.04,2.91,2.4,3.53,3.81,3.79,0.0,3.7,3.17,0.45,2.31,1.72,0.67,4.45,4.13,2.54,2.35,2.34,0.96,3.23,2.59,4.96,0.14,3.7,8.83,-24.8,4.0,0.7,-2.16,0.4,3.28,2.67,2.21,8.21,4.72,3.99,3.22,2.23,5.94,2.71,12.23,2.83,0.22,3.18,3.15,0.0,-2.6,1.83,1.64,0.18,3.99,3.4,1.2,1.7,-1.5,0.4,-2.37,3.0,2.59,-0.22,1.86,4.88,4.66,1.57,2.71,3.55,2.51,1.41,5.21,1.83,-0.87,0.76,1.66,1.86,10.5,2.34,1.43,2.5,4.46,1.79,4.32,10.68,4.5,4.7,4.62,10.3,1.56,5.38,2.71,1.58,4.27,3.83,1.3,1.41,-2.03,-2.08,2.72,0.15,-1.91,1.44,1.88,2.08,0.0,4.05,-4.48,6.64,4.95,0.95,0.76,1.01,0.88,2.13,-0.93,-0.9,0.0,1.93,3.47,2.06,4.07,2.85,2.87,-14.84,4.1,2.33,0.0,1.58,0.69,4.12,3.25,3.09,3.8,2.95,5.22,1.81,2.67,2.7,1.36,2.84,3.53,4.29,-8.42,0.58,2.62,-1.03,2.92,19.8,20.93,11.86,4.14
2024-07-01,0.0,10.89,10.11,6.3,11.02,-9.75,6.89,4.36,4.65,2.23,2.92,0.7,3.77,-1.01,7.64,8.28,5.29,7.09,16.45,2.8,3.96,8.0,8.28,7.45,6.76,5.26,6.82,2.99,10.07,2.38,2.56,3.89,1.11,-1.47,9.71,-4.79,0.21,3.51,-2.46,5.65,12.12,-0.06,4.79,7.64,10.42,9.2,-2.77,-2.55,5.21,25.86,19.34,-22.87,2.0,14.9,-5.19,-3.15,3.72,-6.45,1.67,0.87,1.96,0.54,2.5,-1.35,6.6,65.81,60.59,6.33,7.91,54.99,-12.44,7.59,-42.96,1.16,4.28,23.26,-13.34,1.74,-4.53,8.89,22.34,6.64,32.26,8.07,4.53,0.0,22.52,20.55,18.84,7.56,0.91,12.73,3.85,11.01,7.38,16.75,17.23,6.45,0.73,5.55,6.04,0.29,1.71,3.15,4.03,1.43,-18.53,-0.05,22.72,10.48,-6.63,3.02,6.26,1.23,2.76,4.85,4.57,2.23,2.37,2.05,2.7,1.73,14.8,0.08,1.13,3.12,1.38,3.52,5.23,-0.17,3.62,4.3,3.41,3.23,1.12,1.92,2.45,2.06,0.0,4.3,6.22,3.06,2.52,2.64,2.49,3.28,1.93,2.92,2.14,2.44,0.93,2.84,2.55,2.99,2.76,7.53,0.12,3.53,2.82,0.79,2.56,1.66,1.38,4.48,4.07,2.42,2.17,2.28,0.91,3.46,2.63,5.03,0.61,4.27,4.85,-24.74,-1.37,2.4,-2.16,-1.13,4.23,2.19,0.66,7.71,4.98,3.87,3.32,1.85,5.49,3.48,6.41,2.59,-0.17,2.56,3.65,0.31,1.29,2.24,2.16,2.51,3.03,2.89,1.13,1.4,-0.07,-0.27,-1.96,3.74,2.69,1.57,2.53,4.57,4.97,-1.83,2.34,2.87,2.01,0.67,3.09,1.66,-1.33,0.58,1.65,1.72,9.69,2.61,1.14,2.42,4.24,2.15,3.82,9.81,3.7,4.68,4.61,10.68,1.38,5.47,2.55,1.58,3.42,3.48,1.23,1.21,-1.96,-2.02,2.59,0.31,-1.79,1.39,1.77,1.69,0.0,3.8,-4.81,9.97,5.3,0.63,0.76,9.51,2.79,4.12,-0.75,-0.15,0.0,1.59,7.05,2.01,4.06,2.35,2.79,-14.84,3.79,2.33,0.0,-0.21,0.55,5.19,2.31,2.96,3.97,2.65,4.46,1.86,2.25,2.85,1.42,2.7,3.26,4.27,6.8,1.46,2.09,-1.11,2.88,20.81,21.4,14.41,4.03
2024-08-01,0.0,9.57,7.92,5.28,10.05,-9.75,6.61,4.23,4.46,1.98,2.91,0.82,4.95,-1.54,4.96,7.59,5.88,5.1,14.9,2.85,4.06,9.1,10.01,2.06,7.86,5.49,7.08,2.98,8.72,1.91,1.89,3.71,1.7,-3.48,15.72,-4.57,0.26,3.34,-1.74,9.42,8.43,12.02,12.7,8.72,11.9,19.97,-2.77,-0.05,5.63,10.2,19.34,-8.79,2.0,14.9,5.89,4.12,10.92,-4.75,-1.52,0.61,4.99,0.22,2.48,-0.64,7.15,64.09,54.15,7.94,21.27,47.08,-13.09,11.73,-47.93,11.71,7.89,19.26,-2.89,7.21,13.0,12.19,9.35,4.78,38.93,10.29,3.9,-5.04,19.38,21.71,19.39,6.72,0.97,11.63,2.57,13.96,6.68,17.12,18.53,7.07,0.73,4.83,5.64,0.0,0.06,3.07,2.99,1.38,-27.65,-0.53,21.37,8.36,-7.74,2.87,5.55,1.03,2.76,5.44,4.64,2.38,2.57,1.99,2.7,1.84,14.4,0.08,1.13,2.99,1.44,3.61,4.51,-0.13,2.99,4.57,1.69,3.35,0.18,1.96,1.46,2.52,0.0,2.76,6.4,3.38,2.2,2.63,2.38,3.51,1.93,2.75,2.03,2.38,1.14,2.89,2.6,2.93,2.92,5.8,-0.79,3.62,3.2,0.62,2.37,1.49,1.59,4.09,4.34,2.36,2.06,2.16,0.96,3.68,2.62,5.29,0.81,5.75,4.91,-24.65,0.66,1.96,-2.16,-1.41,6.57,2.48,1.15,9.22,5.01,3.95,3.56,1.73,5.86,3.89,4.6,2.59,0.39,2.72,3.11,0.12,3.38,2.87,2.36,2.4,3.92,3.85,1.07,1.54,0.21,1.34,-2.05,6.35,2.78,2.18,2.78,4.1,5.84,-0.07,2.55,2.18,2.74,1.1,2.89,1.71,0.1,0.47,1.78,1.78,11.36,2.46,1.14,2.54,4.23,2.7,4.27,11.27,3.47,4.84,4.59,11.7,1.43,4.8,2.45,1.52,3.28,3.3,1.29,1.2,-1.96,-2.02,2.71,0.31,-1.85,0.92,1.77,1.57,0.0,3.44,0.41,10.66,5.3,0.16,1.18,10.58,3.0,3.56,-0.52,-20.94,0.0,1.66,5.32,8.6,4.1,2.4,3.03,-14.84,3.62,2.44,0.0,1.14,0.41,3.54,2.42,2.83,4.38,2.76,4.62,1.75,2.12,3.01,1.61,2.82,2.79,4.0,4.55,0.93,2.13,-1.89,2.26,19.6,16.78,12.27,4.16
2024-09-01,21.41,8.26,6.44,4.38,8.71,-0.78,6.71,5.16,4.64,2.16,2.86,0.89,3.77,-2.33,4.52,7.06,5.73,14.79,13.74,2.61,3.65,8.51,10.5,-3.07,7.08,6.47,6.36,2.98,8.39,1.8,2.0,2.93,6.23,-3.13,23.91,-0.26,0.46,3.38,0.06,11.79,-1.98,-22.55,6.26,11.9,11.43,21.27,-2.77,-0.28,7.65,10.2,19.34,-7.63,2.0,14.9,8.2,2.76,11.14,-0.83,-2.39,0.65,6.79,0.04,3.21,-0.9,7.15,65.17,66.13,18.27,25.3,71.02,-10.16,21.91,42.9,21.11,24.51,22.34,11.12,17.55,22.72,16.07,20.19,16.48,37.57,17.98,3.29,-0.55,11.44,21.24,17.62,4.45,0.74,9.43,1.07,12.98,5.37,14.72,18.75,6.83,0.73,3.45,5.25,0.96,-0.37,3.32,3.34,1.27,-31.8,-0.86,19.73,7.29,-8.65,1.53,5.07,0.63,2.75,5.52,4.82,2.37,2.77,2.08,2.33,2.11,14.52,-0.08,1.38,3.04,1.75,3.87,4.15,-0.58,2.68,5.45,0.41,3.29,0.35,1.72,1.09,2.26,0.0,3.21,8.98,3.65,1.67,2.42,2.53,3.25,2.3,2.68,2.24,2.49,1.25,2.66,2.69,2.98,2.97,5.24,-3.49,3.57,2.91,-0.11,3.33,1.55,1.43,4.43,4.27,2.3,1.94,2.49,0.9,3.61,2.62,5.56,0.95,6.05,5.39,-10.06,-7.11,-0.12,-2.16,-1.18,8.19,2.94,0.22,9.21,4.94,3.8,3.6,1.41,5.97,3.35,10.99,2.58,0.5,2.55,3.76,-0.18,4.43,3.43,2.75,-1.95,2.64,5.71,0.66,1.83,0.75,1.82,-3.16,6.51,2.87,2.0,2.83,4.4,5.83,3.94,2.47,1.74,2.37,1.53,2.48,1.49,0.15,0.76,1.77,1.9,10.55,2.53,0.92,-0.36,4.17,3.05,3.83,12.92,3.79,5.2,4.57,9.59,1.38,3.7,2.49,1.76,3.41,3.35,1.41,1.41,-1.89,-2.02,2.82,-2.8,-2.42,0.77,1.76,1.73,0.0,4.14,2.88,10.66,5.52,0.47,0.84,10.31,3.52,-0.12,-0.41,-18.11,0.0,1.85,1.63,8.4,4.2,2.5,2.71,-14.84,2.85,2.68,0.0,1.13,0.55,3.84,2.3,2.71,4.43,2.69,4.1,1.8,2.0,3.0,1.67,2.75,2.79,3.67,2.28,1.11,2.3,-3.95,2.26,22.99,18.93,13.13,4.23
2024-10-01,27.83,7.97,5.39,4.76,8.39,-0.78,7.6,6.63,4.88,2.04,3.04,1.08,4.35,-2.8,3.57,7.84,6.81,12.5,13.14,2.61,3.89,7.82,10.32,0.36,7.46,4.33,4.93,2.97,7.11,1.79,1.88,3.54,14.61,-1.76,34.47,10.64,0.72,3.62,4.94,10.92,-1.98,-5.49,20.58,25.52,12.44,23.27,20.33,3.32,6.05,10.2,19.34,-11.36,2.0,14.9,1.24,-4.62,9.04,9.69,-1.56,0.13,10.02,0.94,4.09,-0.77,8.05,64.94,51.95,22.4,22.76,82.79,-11.02,15.12,160.98,17.08,33.04,31.14,19.8,15.22,17.71,14.97,12.06,20.78,30.07,16.7,3.39,8.5,6.74,20.99,17.31,2.55,0.28,7.93,-0.62,14.2,4.34,15.33,19.17,6.78,0.73,2.27,5.35,-0.18,3.69,3.18,3.19,1.22,-34.22,-0.57,18.82,6.68,-9.0,1.42,4.6,0.78,2.86,6.33,4.85,2.68,3.07,2.38,2.5,2.16,15.43,-0.08,1.32,2.91,2.18,3.96,3.88,-1.24,2.62,5.4,0.77,3.29,0.22,2.06,0.91,1.94,0.0,2.29,10.42,3.48,1.71,2.67,2.68,3.49,2.4,2.84,2.18,2.7,1.36,2.76,2.63,3.15,2.97,1.08,-3.48,3.71,2.96,0.17,2.01,1.76,1.02,4.46,4.26,2.35,2.05,2.65,1.12,3.83,2.71,5.81,0.47,5.34,5.39,-10.11,-13.26,-1.51,-2.16,-1.74,9.9,3.17,-0.54,9.01,3.67,3.7,3.31,1.08,5.45,3.34,12.99,2.74,1.49,2.82,3.68,-0.18,4.16,2.95,2.48,1.71,2.31,5.71,1.0,1.55,0.61,4.38,-1.79,6.18,3.36,3.38,2.71,4.65,5.95,5.48,2.33,1.63,1.62,1.71,1.74,1.94,0.82,0.64,1.52,2.02,8.77,2.52,1.35,2.41,4.19,3.5,4.11,12.6,3.83,5.27,4.45,7.13,1.43,3.37,2.48,1.76,3.28,3.39,1.54,1.61,-1.89,-2.07,2.76,-3.31,-2.41,0.82,1.71,1.35,0.0,4.39,0.05,10.62,7.96,0.39,0.08,10.18,4.35,-0.29,-0.35,-15.2,0.0,1.85,2.05,8.18,4.18,2.6,2.77,-14.84,2.7,2.73,0.0,1.69,0.27,3.04,2.42,2.71,4.48,2.8,4.46,1.69,1.94,3.1,1.8,2.75,2.52,3.53,1.17,0.81,2.19,-3.23,1.87,28.95,28.34,17.52,4.41
2024-11-01,27.03,7.58,5.59,4.76,8.05,-0.78,7.88,7.72,5.67,2.44,3.17,1.27,4.86,-2.9,1.9,9.05,6.79,10.52,12.01,2.77,4.13,7.83,10.85,4.42,10.55,4.46,4.84,2.8,6.55,1.9,1.94,3.95,18.06,-0.94,42.13,16.73,0.87,3.7,9.34,6.58,-1.98,8.64,21.44,29.75,11.65,13.71,15.45,4.43,2.48,10.2,19.34,-11.36,2.0,14.9,0.6,-2.32,6.03,14.94,-2.33,-0.09,12.13,1.89,4.94,-0.7,9.06,66.53,5.54,20.04,33.3,85.83,-16.89,24.75,41.82,28.35,47.82,43.52,17.56,14.68,17.14,18.46,20.63,12.9,26.4,18.1,3.87,18.65,3.42,20.12,16.41,1.32,-0.11,5.32,-1.83,14.81,3.26,14.25,18.78,6.49,0.73,0.8,5.02,0.3,3.69,3.55,2.37,1.47,-35.01,-0.52,18.13,6.42,-9.69,1.02,4.24,0.68,2.85,5.4,5.09,3.09,3.11,2.38,2.62,2.15,16.72,-0.17,1.26,3.22,2.12,4.12,4.27,-0.12,2.26,5.68,0.41,3.56,0.04,2.01,-1.14,1.93,0.0,2.35,10.8,3.41,1.13,2.87,2.31,2.63,2.35,2.67,2.4,2.59,1.41,2.7,2.72,3.2,3.13,3.28,-2.68,3.54,3.34,0.0,1.19,1.81,1.12,4.77,4.44,2.29,2.16,2.48,1.17,3.76,2.76,5.89,1.29,5.02,5.12,-10.19,-16.34,-2.34,-2.04,-1.58,10.11,3.33,-0.33,6.67,3.35,3.91,2.94,0.81,5.18,2.94,13.89,2.79,2.95,2.74,3.38,0.12,3.51,2.89,2.41,1.64,2.06,8.75,1.27,1.62,1.86,4.91,-1.64,5.7,3.2,1.43,3.31,4.64,5.94,6.89,2.32,1.85,1.67,1.77,2.76,2.65,1.44,0.64,1.71,1.71,12.39,2.58,1.35,2.34,4.41,3.6,3.52,13.07,3.1,5.54,4.32,6.45,1.43,2.49,2.58,1.94,3.2,3.28,1.47,1.81,-1.89,-2.07,2.88,-3.26,-2.35,0.71,1.7,1.29,0.0,3.88,0.1,10.62,7.46,0.47,0.08,10.36,3.89,0.23,-0.29,-15.2,0.0,2.18,1.77,13.57,4.28,2.44,2.95,-14.84,2.83,2.96,0.0,1.91,0.34,3.4,2.47,2.64,4.58,2.74,2.91,1.74,1.87,3.26,1.93,2.81,2.45,3.59,1.79,1.22,1.97,-3.53,1.87,26.66,26.4,16.44,4.44
2024-12-01,27.03,6.89,5.99,5.15,7.44,-0.78,7.84,8.52,6.08,2.73,3.68,1.52,4.39,-3.67,0.46,8.28,6.6,17.27,10.86,2.88,4.16,7.61,11.77,6.32,8.61,4.24,6.85,2.8,6.42,1.68,1.83,4.86,18.67,-0.5,45.46,19.4,1.02,3.59,12.18,5.81,-1.98,6.08,21.76,33.79,12.29,11.71,3.45,4.31,10.21,10.2,19.34,-11.36,2.0,14.9,3.13,0.26,9.98,18.34,-2.46,-0.3,13.25,2.85,4.92,-0.64,9.26,68.23,10.9,18.67,32.78,58.31,-23.03,17.12,31.44,13.61,39.15,38.17,12.29,7.35,13.08,15.91,88.84,10.95,22.47,16.81,3.7,17.7,1.46,18.76,15.2,0.16,-0.56,2.96,-4.14,14.93,2.49,10.93,17.72,5.2,0.73,-0.4,4.35,1.75,3.12,3.67,2.83,1.98,-34.69,-0.48,17.99,6.51,-10.35,0.53,3.77,0.82,2.67,5.88,5.21,3.34,3.41,2.58,2.8,2.48,17.57,-0.08,1.07,3.03,2.05,4.16,4.67,-0.37,2.31,5.57,0.67,3.51,0.31,2.15,-0.95,2.19,0.0,2.87,10.89,3.63,1.39,2.97,2.36,3.12,2.56,2.5,2.29,2.53,1.63,2.81,2.62,3.31,3.3,3.03,-2.97,3.53,3.05,0.34,2.97,1.75,1.52,5.53,4.62,2.28,2.21,2.08,1.01,3.75,2.61,6.05,1.08,4.12,5.12,-9.29,-5.18,-3.09,-2.1,-1.46,7.81,3.3,0.05,8.88,3.21,3.76,3.17,2.1,5.41,2.39,10.88,2.78,2.8,3.16,3.37,-0.06,3.45,2.39,2.28,2.88,1.74,11.52,1.41,1.69,2.14,5.65,-1.15,5.11,3.64,2.37,3.36,3.59,4.95,6.39,2.18,3.05,1.43,1.83,2.8,2.59,1.64,0.76,1.7,1.83,13.22,2.78,1.2,2.27,4.41,3.29,3.3,14.03,3.05,5.71,4.41,6.54,1.31,1.85,2.81,2.0,2.82,2.99,1.47,1.8,-1.89,-2.02,3.0,-3.35,-2.42,0.87,1.59,1.46,0.0,3.63,3.52,10.62,7.58,0.31,0.17,10.21,3.29,-1.5,-0.29,-15.2,0.0,1.97,-2.92,13.76,4.32,2.38,2.95,-14.84,3.05,3.02,0.0,2.62,-0.07,3.51,2.35,2.58,4.69,2.68,2.43,1.96,1.93,3.41,2.25,2.74,2.51,3.45,3.2,0.34,1.52,-4.23,2.71,24.07,23.06,13.47,4.43
2025-01-01,27.03,5.76,6.6,5.3,7.4,-0.78,8.8,8.85,6.99,3.19,4.28,1.9,3.29,-3.4,-0.86,8.7,7.63,15.21,9.77,2.76,4.1,7.16,10.78,7.5,5.52,3.23,1.27,2.85,6.62,1.68,2.04,3.94,19.11,-0.5,54.2,20.93,1.49,3.36,14.66,8.02,-1.98,5.96,23.59,38.71,14.37,5.95,22.97,8.12,15.28,10.2,19.34,-11.36,2.0,14.9,8.04,16.14,18.89,20.83,-3.53,0.13,14.26,3.26,7.14,-0.26,10.47,49.61,16.35,3.15,18.16,30.65,-30.92,0.67,-7.0,-9.94,-7.84,7.52,5.62,-0.14,24.1,4.28,30.17,8.99,16.61,11.92,3.48,17.7,-0.5,16.97,13.67,-0.22,-0.56,1.66,-3.97,13.39,2.11,12.4,16.14,4.55,0.06,-0.32,4.35,3.99,3.62,3.79,3.36,2.68,-32.25,-0.38,17.39,6.78,-11.27,0.58,3.08,0.72,2.38,6.2,5.29,3.38,3.29,2.88,2.72,2.75,18.34,-0.17,1.32,3.09,2.12,3.9,4.36,-5.23,2.06,5.67,-0.93,3.73,-0.04,2.34,-1.27,2.59,0.0,2.34,11.83,3.06,1.81,2.71,2.3,2.85,2.08,2.29,2.18,2.52,1.46,2.8,2.77,3.48,3.36,2.38,-3.07,3.43,2.87,0.28,2.45,1.75,1.22,5.41,4.7,2.16,2.15,1.8,1.28,3.68,2.71,6.12,1.15,4.55,5.18,-9.29,-7.03,-2.59,-2.16,-2.92,7.32,3.16,1.3,6.04,1.58,3.75,3.17,1.51,5.53,2.23,10.76,2.78,2.35,2.76,3.3,-0.24,1.91,2.25,2.08,3.49,1.48,9.97,1.34,1.83,2.14,6.88,0.0,5.61,3.44,2.37,3.51,4.15,4.91,6.39,2.17,3.16,2.15,1.71,3.75,2.53,1.64,0.82,1.76,1.71,12.18,3.1,0.85,2.14,4.06,3.69,3.75,14.9,2.93,5.93,4.28,6.68,0.85,2.46,2.71,2.05,2.81,3.15,1.1,1.94,-1.89,-2.07,3.12,-3.34,-2.35,1.58,1.48,1.24,0.0,3.83,3.21,10.62,7.58,0.08,0.17,10.14,3.28,-0.58,-0.87,-15.2,0.0,2.11,-3.13,13.61,4.36,2.38,2.64,-14.84,2.91,3.19,0.0,1.83,0.69,3.8,2.17,2.46,4.52,2.5,2.79,2.01,1.98,3.62,2.44,2.6,2.39,3.39,3.07,0.11,1.63,-3.77,1.81,26.37,24.95,14.47,4.69
2025-02-01,27.03,5.29,6.6,5.18,6.46,9.94,9.17,9.64,7.68,3.47,4.55,2.09,-1.54,-3.33,-2.85,8.11,8.34,7.01,8.33,3.03,4.13,6.79,9.27,-1.9,8.67,3.23,-2.96,2.68,6.49,1.68,2.25,4.16,19.41,-0.96,54.48,22.23,2.11,3.83,17.84,11.52,-1.98,2.17,20.39,41.47,13.86,9.32,22.97,9.23,19.83,10.2,19.34,-11.36,2.78,14.9,12.12,26.14,22.48,22.32,-4.51,0.61,15.04,3.69,8.1,0.64,10.12,26.14,30.23,-5.02,-1.19,-20.38,-35.89,-2.37,-28.57,-13.23,-21.34,-9.4,-1.04,2.92,3.33,-3.59,-10.76,1.03,0.06,4.99,3.42,17.7,-5.87,13.74,11.92,-1.26,-0.97,0.0,-5.38,14.13,1.22,10.01,14.46,3.97,-0.12,2.01,3.78,4.15,2.17,4.02,3.56,3.29,-28.8,-0.19,17.14,7.23,-11.9,0.73,2.86,0.87,2.49,5.96,5.36,3.68,3.44,3.13,2.9,3.14,19.83,-0.25,1.7,3.46,1.93,4.05,4.23,-5.81,3.64,5.79,-0.57,3.77,0.0,2.72,-0.96,3.0,1.11,1.76,12.18,2.62,2.01,2.56,2.35,2.9,2.18,1.49,2.12,2.41,1.41,2.79,2.86,3.88,3.82,2.17,-3.93,3.42,2.87,0.34,1.56,1.8,1.83,5.61,4.68,2.05,1.98,2.25,1.22,3.27,2.75,6.41,0.88,4.95,5.31,-9.29,-2.86,-2.92,-1.98,0.0,5.92,2.99,1.25,5.4,1.42,3.65,2.87,1.34,5.21,2.01,12.33,2.66,2.3,2.5,3.13,-0.12,1.9,0.27,2.14,3.28,0.98,11.37,1.4,1.26,2.69,6.47,-0.21,5.51,3.38,2.25,4.34,4.52,4.7,6.32,1.96,2.97,1.91,1.89,5.6,2.36,2.36,0.76,1.7,1.77,11.39,3.43,0.99,1.83,3.53,4.25,4.23,13.66,2.44,6.38,4.32,6.27,1.54,2.83,3.13,2.11,2.92,3.3,0.98,2.0,-1.75,-1.97,3.12,-3.34,-2.48,2.09,2.07,1.24,0.0,3.77,3.66,10.62,7.58,-0.08,-0.17,10.07,3.87,-4.43,-0.93,-15.2,0.0,1.44,-4.26,13.44,4.29,2.27,2.75,-14.84,3.45,3.13,0.0,3.27,0.41,3.67,2.29,2.17,4.63,2.21,3.2,2.16,2.1,3.87,2.75,2.73,2.31,3.25,2.57,2.93,1.46,-4.07,1.81,35.6,30.96,19.2,5.0
2025-03-01,27.03,4.89,6.41,4.01,5.75,9.94,9.0,10.03,8.21,4.17,4.87,2.21,-1.54,-3.98,-0.45,7.24,8.12,7.03,7.97,2.75,4.02,8.17,8.07,-5.86,7.13,1.89,-3.1,2.56,5.69,1.56,2.41,4.1,19.56,-0.85,56.86,23.54,2.69,3.55,19.22,13.15,-1.98,-8.32,22.32,41.69,14.73,16.64,22.97,14.49,21.4,10.2,3.23,-11.36,2.78,14.9,14.4,25.47,24.41,25.05,-4.31,1.51,15.67,6.85,8.03,1.43,9.75,2.39,19.35,-6.25,-6.71,-25.41,-38.07,-0.28,-35.02,-11.53,-25.99,-18.72,-8.84,1.03,0.33,-9.09,-12.83,-1.82,2.81,0.24,3.14,17.7,-9.84,10.34,8.86,-2.3,-1.2,-1.24,-7.54,12.43,0.33,9.44,12.27,3.21,0.66,4.04,4.12,3.81,2.53,4.25,3.36,3.69,-25.89,0.0,15.66,8.49,-11.75,2.37,2.76,1.11,2.6,6.34,5.29,3.88,3.59,3.37,2.89,3.41,21.62,-0.17,1.76,3.65,1.92,4.11,3.54,-5.56,5.22,5.61,-0.81,3.99,0.44,3.1,-1.23,3.15,1.11,2.39,13.52,2.67,2.37,2.4,2.35,2.76,2.39,1.86,2.07,2.52,1.35,3.01,2.91,3.93,3.87,1.97,-4.7,3.31,2.76,0.51,1.43,1.64,1.47,5.32,4.95,2.21,1.97,2.02,1.27,3.21,2.87,6.48,1.28,4.7,5.37,-2.4,1.1,-1.49,-1.0,-1.23,4.72,2.82,0.7,4.8,0.71,3.33,2.63,1.98,5.0,1.95,11.17,2.71,2.31,2.77,2.95,0.37,1.47,0.2,2.14,2.0,1.71,8.24,1.07,1.4,2.62,7.22,-0.36,4.58,3.72,2.31,4.79,5.28,5.67,6.6,1.95,2.48,1.73,2.13,6.09,2.25,3.14,0.76,1.76,1.64,7.59,3.95,0.77,1.89,3.76,4.39,4.1,6.49,2.32,5.96,4.46,3.18,1.54,2.32,3.56,2.23,3.03,3.51,1.41,2.33,-0.78,-0.79,3.29,-2.09,-1.98,2.23,2.28,1.83,0.0,3.47,7.03,10.62,8.64,0.08,0.0,10.38,3.57,-2.69,-0.76,-15.2,0.0,2.23,-1.29,13.01,4.39,2.31,2.62,-14.84,4.23,3.06,0.0,2.26,0.89,3.37,2.17,2.11,4.78,2.77,3.13,2.27,2.04,4.13,3.07,2.65,2.56,3.12,3.17,3.22,1.51,-2.08,1.25,34.13,31.57,21.42,4.98
2025-04-01,27.03,4.51,6.57,3.67,5.47,9.94,7.51,9.78,7.87,4.28,5.28,2.84,-2.52,-5.03,-0.46,6.74,7.41,11.44,7.8,2.8,4.05,8.32,7.6,-6.78,7.75,1.15,0.83,2.67,5.15,1.5,2.78,3.43,19.66,-1.48,67.59,23.75,2.84,3.96,20.79,10.91,-1.98,-14.19,7.57,43.47,13.18,21.14,22.97,9.76,8.12,1.63,-8.75,-11.36,2.78,14.9,17.03,16.63,19.21,30.39,-4.43,2.48,16.41,7.26,8.51,2.99,10.07,-12.7,2.85,-1.98,-9.98,-28.8,-43.96,1.74,-33.27,-3.57,-15.48,-19.97,-11.89,-2.75,-11.19,-6.37,-2.56,-1.87,7.31,-1.09,2.81,17.7,-14.27,7.6,6.78,-3.26,-1.72,-2.37,-7.96,9.66,-0.33,8.01,10.22,2.96,0.79,4.86,4.55,2.71,3.99,4.55,1.75,4.25,-20.83,0.29,13.4,10.22,-11.22,6.47,2.37,1.51,2.65,6.54,5.56,3.88,3.63,3.57,2.89,3.74,22.99,-0.17,1.95,3.63,1.86,3.55,3.48,-5.26,5.45,4.68,1.15,4.03,0.49,3.14,-5.13,2.78,1.11,1.92,13.52,2.71,2.31,2.19,2.34,2.96,2.17,1.85,1.85,2.29,1.35,3.17,2.95,3.74,3.22,3.28,-4.56,3.0,3.03,0.51,0.55,1.58,2.08,5.35,4.98,2.21,2.08,2.13,1.38,3.31,2.96,6.22,1.49,2.34,4.17,4.46,-7.93,-0.77,0.06,0.63,5.31,3.05,1.78,3.38,1.63,3.31,2.8,1.82,4.86,2.91,12.83,2.6,1.55,2.72,3.3,0.24,0.97,0.81,2.46,2.11,1.59,7.05,0.86,1.47,2.83,8.95,-1.7,3.54,4.35,2.91,5.38,5.6,5.72,6.53,1.74,1.66,1.73,2.0,7.59,2.41,3.35,0.7,1.69,1.58,5.85,4.27,0.99,1.89,3.79,4.03,3.87,1.24,1.78,5.95,4.4,2.41,1.53,2.01,3.74,2.29,3.58,3.6,1.41,2.4,0.14,0.21,3.1,-1.48,-0.13,2.44,2.38,1.94,0.0,3.36,5.87,10.28,8.73,-0.08,0.08,10.31,3.12,-3.47,-1.05,-15.2,0.0,2.36,-1.57,13.42,4.49,2.26,2.98,-14.84,4.32,3.17,0.0,2.13,0.89,3.37,2.04,1.99,4.98,2.65,2.64,2.86,1.97,4.28,3.33,2.77,2.68,3.23,2.73,2.86,1.12,-2.55,1.25,30.89,23.2,19.55,5.05
2025-05-01,27.03,3.92,6.47,3.89,4.8,9.94,6.43,9.01,7.22,4.8,5.32,3.67,1.1,-5.96,0.0,4.88,6.87,12.26,7.42,3.13,4.07,6.86,6.22,-7.66,6.98,2.49,0.64,3.2,4.64,1.73,2.88,3.65,19.61,-1.83,78.08,24.27,3.24,4.01,21.32,10.68,-1.98,-14.38,-14.56,45.69,13.69,15.33,22.97,5.28,5.0,-4.61,-10.5,-11.36,2.78,21.27,19.27,13.41,13.24,33.53,-4.49,3.79,16.63,5.09,9.28,4.35,10.0,-20.29,-10.71,-0.25,-11.71,-33.25,-46.24,0.7,-26.07,-1.82,-3.31,-16.17,-13.33,-7.48,-16.44,-3.77,7.75,-8.29,2.34,-1.4,2.76,17.7,-19.58,5.06,4.2,-3.99,-2.0,-4.09,-8.35,7.03,-1.32,7.01,7.84,1.16,0.79,4.34,4.43,2.02,4.29,4.65,2.33,4.55,-17.04,0.19,10.81,11.49,-11.45,9.74,2.31,1.17,2.65,6.81,5.3,4.02,3.79,3.72,2.94,4.02,23.56,-0.17,1.31,3.49,1.92,3.82,3.51,-4.97,6.07,7.06,-1.02,4.12,0.97,3.27,-2.91,2.63,1.11,1.13,13.52,1.91,2.57,2.24,2.39,2.97,2.06,1.53,1.63,2.34,1.35,3.1,2.79,3.84,3.16,2.54,-4.64,2.99,3.31,0.9,1.65,1.64,2.14,5.9,5.2,2.43,2.14,2.51,1.48,3.31,3.06,6.24,1.68,3.62,2.67,5.95,-9.38,-0.96,0.19,1.48,4.26,3.17,2.0,4.39,1.03,3.57,2.39,2.03,2.57,3.33,11.51,2.59,3.82,2.93,2.77,0.24,0.18,1.27,2.64,1.26,1.7,7.05,0.66,1.67,3.9,15.05,-0.93,3.31,4.73,2.79,6.05,5.71,5.86,6.53,1.53,2.2,2.15,2.06,8.43,2.51,4.24,0.58,1.63,1.7,3.61,4.4,0.84,2.13,3.69,3.92,3.7,-0.66,2.1,6.4,4.48,1.98,1.93,2.56,3.87,2.34,4.11,3.7,1.34,2.39,0.29,0.32,3.09,-0.61,0.39,2.54,2.38,1.66,0.0,2.86,8.29,10.28,7.84,0.16,0.0,10.58,3.04,2.13,-0.99,-15.2,0.0,2.42,-2.57,13.22,4.47,2.25,3.03,-14.84,3.71,3.17,0.0,3.12,1.44,2.82,1.98,1.87,5.02,2.76,2.69,3.35,2.09,4.32,3.77,2.77,2.8,3.28,3.47,2.6,1.12,-2.16,1.25,32.42,17.78,19.67,4.98
2025-06-01,27.03,2.59,5.56,3.82,4.63,9.94,5.44,8.17,6.72,4.9,5.45,4.36,-2.52,-6.85,-3.16,5.15,7.21,12.26,6.71,3.29,3.8,5.8,5.58,-9.96,7.99,1.72,2.57,2.86,4.22,1.72,2.39,3.7,18.28,-2.29,97.27,23.55,3.33,4.83,21.33,9.32,41.83,-7.25,9.77,50.44,13.96,8.69,22.97,3.43,1.42,-15.81,4.88,-11.36,2.78,30.57,21.31,12.2,9.8,41.17,-4.21,3.83,15.96,6.49,9.29,6.16,10.42,-25.32,-26.62,-3.59,-4.03,-35.59,-48.94,0.58,-31.48,-4.44,1.47,-16.51,-22.41,-11.21,-20.56,-10.69,11.33,-13.24,-8.46,-5.64,2.65,12.99,-25.11,0.34,0.6,-5.05,-2.78,-6.15,-8.85,4.72,-2.48,3.44,4.1,0.1,0.79,3.67,3.18,1.82,6.23,4.45,2.33,4.69,-16.23,-0.58,8.68,10.26,-11.72,10.89,2.5,1.26,2.59,6.94,5.08,4.12,3.78,3.81,3.06,3.57,24.34,-0.17,1.19,3.35,1.73,4.06,3.5,-6.02,6.21,8.45,-2.82,4.01,1.33,3.17,-3.03,2.72,0.37,3.32,13.07,1.9,2.57,1.63,2.13,3.47,1.74,1.37,1.68,2.12,1.46,3.04,2.84,3.36,3.12,2.02,-4.74,2.88,2.96,0.73,4.51,1.64,-4.78,6.01,5.18,2.48,2.02,2.07,1.59,3.24,3.08,6.65,1.96,4.85,2.6,6.06,-7.77,0.39,0.19,1.02,2.97,2.37,2.33,3.47,1.52,3.93,2.15,1.54,3.04,3.22,12.17,2.64,4.23,2.66,3.33,0.0,0.91,1.33,2.83,1.8,1.52,9.15,0.79,1.53,3.96,13.73,-0.57,2.86,4.71,3.46,5.88,5.68,5.28,2.96,1.67,2.47,1.67,2.3,8.57,2.45,4.91,0.58,1.99,1.64,4.22,4.52,0.98,2.07,3.59,4.16,3.48,0.24,2.47,6.75,4.58,-0.23,1.87,1.09,3.86,2.28,4.28,3.85,1.34,2.46,0.21,0.27,3.08,-0.61,-0.13,2.79,2.37,1.12,0.0,4.04,7.79,10.92,2.98,0.23,-0.34,10.56,3.4,7.8,-0.82,-15.2,0.0,2.35,-2.0,13.58,4.34,2.3,3.03,-14.84,4.35,3.16,0.0,2.76,2.27,2.56,2.04,1.7,5.45,2.81,2.92,3.88,2.26,4.36,4.14,2.76,2.73,3.75,4.38,2.88,1.95,-1.68,1.25,35.93,17.83,21.55,4.87
2025-07-01,27.03,1.54,5.14,3.08,4.81,9.94,4.38,7.89,6.16,4.64,5.54,4.54,0.49,-8.76,-1.5,5.18,7.44,5.49,6.76,3.34,3.89,4.91,3.93,-9.52,6.09,4.25,2.21,2.74,3.56,1.55,2.23,3.18,19.99,-2.18,132.32,22.59,3.53,5.7,20.54,8.52,-17.29,4.0,16.55,59.26,16.07,11.1,22.97,0.58,0.09,-13.0,-8.62,52.57,2.78,30.57,19.29,11.32,11.6,60.86,-4.03,3.94,13.62,8.06,9.0,11.88,10.18,-34.35,-34.86,0.66,-7.45,-38.76,-49.82,2.68,-34.06,1.64,3.96,-16.57,-7.53,-1.77,-5.05,-9.75,-2.26,-5.68,-12.83,-2.24,2.58,17.7,-28.03,-2.36,-1.82,-5.37,-2.89,-8.21,-9.48,2.83,-3.07,1.29,1.67,-0.05,0.79,3.42,3.03,1.41,2.76,4.49,2.65,4.79,-15.88,-0.43,7.23,9.05,-11.95,13.21,2.68,1.6,2.58,6.63,5.21,4.42,3.77,4.21,2.93,3.78,24.86,-0.17,0.93,3.09,2.04,4.6,3.49,-5.25,6.35,8.57,-1.01,4.13,1.72,2.92,-3.61,3.18,2.65,2.58,9.06,2.49,2.56,1.43,2.03,3.23,1.63,1.68,1.52,2.0,1.51,2.98,2.64,3.51,3.72,1.9,-3.88,2.88,2.74,1.52,4.51,1.53,-5.51,6.35,5.26,2.26,2.18,2.12,1.64,3.01,3.01,6.7,1.95,6.29,2.28,6.06,-6.2,0.16,0.06,2.41,2.96,2.43,2.73,2.38,1.19,3.64,1.58,2.19,3.34,2.84,16.76,2.53,3.48,2.6,3.41,-0.24,1.33,1.2,2.7,1.91,2.21,10.76,0.66,1.04,3.37,14.36,0.5,2.35,4.6,3.63,5.75,5.5,4.96,6.53,1.53,2.52,1.91,3.22,8.43,2.4,5.34,0.47,1.87,1.51,5.33,4.56,1.4,1.94,3.53,4.45,3.62,1.26,2.84,6.54,4.77,0.69,1.98,0.6,3.94,2.34,3.85,3.84,1.34,2.32,0.14,0.16,3.14,-0.71,-0.32,3.19,2.42,1.23,0.0,3.57,3.16,7.55,2.64,0.16,0.08,1.9,2.36,5.35,-0.94,-15.2,0.0,2.42,-4.2,14.09,4.39,2.35,3.02,-14.84,4.64,2.92,0.0,2.27,2.27,1.66,1.74,1.47,5.01,3.14,2.99,4.3,2.49,4.4,4.71,2.82,2.78,3.61,4.3,-1.79,2.21,-1.76,1.25,36.04,21.81,20.85,5.04
2025-08-01,27.03,0.97,4.79,2.02,4.93,9.94,4.3,7.69,6.13,4.69,5.71,4.59,0.16,-9.97,-0.14,5.57,7.37,11.11,6.1,3.39,4.18,5.13,2.4,-3.03,5.22,3.31,3.12,2.63,2.86,1.55,2.39,3.13,24.18,-2.29,133.08,23.46,3.63,6.26,20.46,3.08,-18.63,-19.03,5.56,61.22,16.79,7.64,22.97,1.68,-1.06,2.36,-8.62,18.01,2.78,30.57,-0.17,-0.25,5.58,73.4,-3.3,4.81,10.63,6.23,7.54,14.53,9.48,-36.79,-39.16,2.18,-11.05,-44.45,-44.19,2.85,16.84,-4.48,5.84,-14.77,0.84,6.97,20.22,-5.7,4.04,3.72,-14.77,-0.66,2.36,23.94,-29.35,-4.47,-3.4,-5.33,-1.53,-8.81,-9.39,1.63,-3.91,-0.1,-0.38,-0.65,0.79,3.89,3.24,3.33,0.96,4.41,2.45,4.99,-15.25,0.0,5.66,7.96,-12.03,12.86,2.54,1.74,2.35,6.74,4.99,4.09,3.45,3.99,2.93,3.55,24.57,-0.08,0.93,2.9,1.91,5.23,3.28,-4.69,6.44,8.53,0.04,3.78,2.39,2.87,-3.43,2.51,4.08,3.67,9.68,1.9,2.25,1.13,1.97,2.0,1.73,1.57,1.52,1.95,1.29,2.76,2.68,3.34,3.5,2.43,-2.64,2.72,1.91,1.58,4.33,1.47,-5.35,6.41,4.99,2.09,2.23,2.28,1.48,2.83,2.99,6.53,2.35,4.97,1.79,6.11,-7.73,1.53,0.0,2.69,0.8,2.14,3.48,3.12,1.55,3.31,1.8,2.66,2.91,1.3,16.92,2.3,2.86,2.22,3.46,-0.12,1.21,0.66,1.98,2.88,2.43,10.76,0.79,1.11,3.36,13.54,1.01,0.65,4.39,2.67,5.12,5.28,4.78,4.65,1.24,2.83,1.3,3.09,8.48,2.34,4.78,0.58,1.81,1.33,6.94,4.81,1.47,1.69,3.56,4.16,3.24,2.81,2.72,6.17,4.7,-0.18,1.81,0.97,3.93,2.21,3.78,3.83,1.09,2.38,0.14,0.16,2.76,-0.92,-0.39,3.14,2.58,1.01,0.0,3.89,3.35,6.89,2.64,0.23,-0.08,1.14,1.99,5.47,-1.17,-15.2,0.0,2.41,-3.16,7.34,4.04,2.19,2.64,-14.84,4.03,2.79,0.0,2.88,1.78,2.72,1.39,1.24,4.45,2.68,2.15,4.46,2.6,4.28,5.14,2.81,2.65,3.73,3.45,-1.33,2.03,-2.01,1.25,40.35,32.14,24.6,4.79
2025-09-01,4.63,0.46,4.16,2.56,4.34,0.0,3.67,6.08,5.6,4.74,5.93,4.84,1.3,-10.36,-1.55,4.38,6.18,1.18,5.98,3.43,4.17,4.82,2.56,-0.09,2.85,2.28,2.76,2.57,2.37,1.82,2.17,3.24,20.97,-3.51,109.07,20.2,3.73,5.52,18.86,-2.57,-18.63,1.63,9.2,57.97,15.73,0.83,22.97,3.22,-3.31,2.36,-8.62,1.89,2.78,30.57,-1.59,-3.37,-0.42,73.88,-3.48,4.44,9.01,7.63,7.47,17.31,9.61,-37.34,-49.9,2.63,-5.84,-55.5,-38.65,1.57,-6.15,0.42,-0.36,-10.91,-2.94,9.91,13.76,2.98,-2.47,-0.31,-21.65,0.19,2.88,23.34,-29.95,-8.5,-6.48,-5.17,-1.01,-9.4,-9.49,1.0,-4.27,-2.38,-3.53,-1.52,1.09,4.21,2.97,5.12,2.45,4.52,2.45,4.93,-14.34,0.05,4.39,6.89,-11.45,13.75,2.44,2.22,2.34,6.6,4.83,4.19,3.39,3.88,3.41,3.21,23.88,-0.08,0.99,2.83,1.47,5.51,4.08,-5.33,6.49,7.99,1.19,3.68,2.51,3.1,-3.34,2.51,3.6,3.68,7.45,1.52,2.56,1.18,1.76,2.15,1.41,1.73,1.2,1.89,1.24,2.7,2.62,3.28,3.38,2.77,-1.06,2.76,2.18,2.09,5.71,1.36,-4.99,6.02,4.92,1.86,2.01,2.0,1.32,2.27,2.89,6.01,2.68,5.07,1.11,6.17,-6.35,1.49,0.06,2.4,-0.99,1.62,3.97,3.6,1.76,3.44,1.63,2.24,2.61,1.72,10.1,2.02,2.91,1.85,3.62,0.06,3.27,0.27,1.21,2.23,2.87,8.81,0.4,1.04,1.43,13.28,1.45,-0.43,4.14,2.61,4.9,4.53,4.77,2.83,1.17,2.57,1.3,2.71,8.65,2.67,5.04,0.35,1.74,1.2,5.76,4.86,1.69,1.63,3.74,3.8,3.39,3.63,2.14,5.71,4.58,0.6,1.75,2.66,4.06,2.15,1.44,2.77,0.79,2.11,0.07,0.16,2.32,2.78,0.2,3.34,2.47,1.17,0.0,3.93,4.38,6.89,2.42,-0.08,1.59,1.54,1.91,8.44,-1.93,-15.2,0.0,1.43,-3.36,6.57,3.87,2.03,2.64,-14.84,4.25,2.67,0.0,1.68,1.64,3.53,1.15,1.12,4.29,2.4,1.97,4.45,2.71,4.32,5.63,2.87,2.47,3.72,2.47,-1.61,1.98,0.08,1.25,46.99,41.98,30.01,4.59
2025-10-01,0.0,-0.56,3.83,1.73,3.43,0.0,2.04,3.81,4.66,4.85,5.35,4.14,13.06,-11.22,-1.77,2.84,3.54,1.7,6.39,3.37,3.95,5.25,2.51,-1.91,3.16,3.0,1.33,2.46,1.37,1.6,2.06,2.37,12.0,-4.99,92.67,10.29,3.1,3.09,13.31,-7.68,-18.63,4.62,1.68,42.35,14.21,-2.62,-13.61,1.8,-8.19,2.36,-8.62,-6.33,2.78,30.57,0.22,0.0,-3.45,66.29,-3.85,4.78,5.93,5.93,5.65,19.37,7.78,-36.65,-54.31,-5.39,-2.97,-60.66,-33.22,2.3,-42.96,-2.33,-7.13,-12.91,-13.6,4.82,6.91,1.69,7.59,-11.39,-24.5,-4.29,2.26,13.05,-30.33,-11.68,-9.3,-5.46,-1.4,-10.06,-10.57,1.57,-5.08,-4.77,-6.45,-2.49,1.09,4.28,3.01,5.26,-0.95,4.04,2.84,4.92,-14.49,-0.57,3.15,5.79,-11.27,14.82,2.39,1.83,2.28,6.2,4.67,3.91,3.23,3.62,2.86,2.6,23.15,-0.5,1.06,2.64,0.61,5.75,4.57,-5.22,6.48,8.78,0.45,3.76,2.77,3.05,-3.38,2.81,-8.79,3.57,6.93,1.68,2.81,0.49,1.1,1.29,0.68,0.47,0.73,1.29,0.96,2.15,2.17,3.22,3.32,2.37,-1.43,2.46,1.63,1.75,7.52,0.84,-5.09,5.91,4.91,0.27,0.7,0.7,0.11,0.94,2.8,5.71,2.95,6.36,1.11,6.23,-1.43,2.13,0.06,2.98,-2.53,0.73,3.15,4.08,1.02,3.3,1.57,2.51,2.15,1.41,6.98,1.58,2.17,0.9,3.22,-0.06,2.85,-1.6,-0.25,0.12,0.24,8.81,-1.19,0.0,-0.07,11.81,1.96,-1.34,3.35,1.77,4.48,3.07,5.06,3.49,0.96,2.08,1.18,1.98,9.27,5.21,4.03,0.52,1.5,1.02,6.46,4.79,1.4,1.39,3.08,3.83,3.85,7.73,2.44,5.55,3.85,0.37,0.73,2.11,4.01,2.14,-5.45,-2.14,-0.79,0.92,0.07,0.16,2.38,4.53,0.07,3.39,2.31,1.49,0.0,3.97,8.19,6.93,2.33,-0.55,1.93,1.71,1.41,7.71,-4.27,-15.2,0.0,0.78,-4.09,6.56,3.48,1.81,2.45,-14.84,4.1,2.37,0.0,0.62,1.58,3.65,1.27,1.01,4.29,2.5,1.67,3.8,2.42,4.1,5.74,2.8,2.15,3.71,2.92,-1.9,1.87,-0.9,3.38,57.83,62.47,33.86,4.53
2025-11-01,0.0,-1.11,2.68,1.57,3.42,0.0,0.33,1.82,3.3,4.43,4.86,3.38,12.51,-11.48,0.64,0.93,3.04,5.33,6.19,3.36,3.88,4.88,1.94,0.36,3.89,3.25,3.87,2.51,-0.43,1.7,2.17,2.59,8.82,-5.21,72.56,5.63,3.2,1.66,9.85,-7.03,-18.63,4.66,-3.35,35.52,13.77,2.45,3.57,1.51,-6.9,2.36,-8.62,-6.33,2.78,30.57,0.6,2.47,2.13,61.45,-4.09,4.74,4.17,6.34,5.19,20.35,6.33,-33.03,-55.38,2.57,-8.75,-63.79,-24.74,5.84,-12.65,11.11,-7.17,-13.39,-5.42,13.02,12.63,5.86,11.95,0.21,-21.55,0.41,1.48,9.48,-29.49,-12.22,-10.29,-4.83,-1.12,-9.97,-10.99,-1.31,-5.3,-5.57,-7.6,-2.78,1.09,4.28,3.94,3.56,-1.01,3.73,2.51,4.65,-14.14,0.0,2.79,5.42,-10.09,15.1,2.38,1.97,2.22,5.48,4.34,3.7,2.97,3.66,2.61,2.16,21.42,-1.34,0.93,2.08,-0.06,5.68,3.95,-5.16,6.79,8.77,-0.18,3.53,3.3,3.28,-1.29,2.4,-8.79,4.23,5.93,1.42,2.5,0.2,1.05,2.02,0.47,0.36,0.47,1.18,0.91,1.98,1.91,2.89,2.93,0.99,-1.16,2.31,1.56,2.09,8.4,0.52,-5.13,5.63,4.75,-0.33,0.16,0.21,-0.37,0.44,2.8,5.56,2.81,6.17,1.29,6.12,5.38,3.07,0.0,2.74,-2.52,1.0,3.82,5.4,1.84,3.37,1.18,1.6,2.09,0.88,6.28,1.36,3.03,1.2,3.38,-0.18,2.73,-1.8,-0.7,0.3,-0.61,5.76,-1.39,-0.35,0.07,11.74,1.09,-1.39,3.38,3.1,4.1,2.8,4.46,3.5,0.89,2.89,0.59,1.44,9.09,3.98,3.55,0.29,1.26,1.02,4.33,4.71,1.4,1.14,2.71,3.77,4.11,2.78,2.39,5.34,3.53,0.28,0.84,2.91,3.96,1.9,-6.25,-2.24,-1.15,0.53,0.07,0.11,2.25,4.47,0.07,3.49,2.25,1.17,0.0,3.88,8.56,6.93,5.35,-0.86,2.27,1.71,1.27,8.97,-4.45,-15.2,0.0,0.84,-3.75,1.5,3.21,1.87,2.5,-14.84,4.13,2.01,0.0,0.76,1.51,3.12,1.09,0.9,4.23,2.5,1.79,3.05,2.13,3.88,5.79,2.73,1.9,3.52,1.57,-2.57,2.43,-0.98,3.38,58.6,65.68,36.09,4.52
2025-12-01,0.0,-1.26,2.24,0.86,3.51,0.0,-0.66,0.48,2.71,3.9,4.05,2.87,12.51,-9.89,-0.32,0.88,0.79,5.49,6.08,3.13,4.11,5.92,0.76,6.22,2.71,4.94,4.81,2.51,-1.7,1.7,2.0,1.74,8.23,-4.82,61.7,3.92,3.29,1.61,7.01,-7.41,-18.63,40.71,8.84,28.27,12.46,6.77,8.65,4.87,-7.82,2.36,-8.62,-6.33,2.78,30.57,-0.44,3.19,2.95,59.33,-2.69,4.74,3.2,7.74,5.76,21.48,5.33,-34.98,-48.07,2.42,-8.06,-64.76,-15.7,5.87,14.36,16.71,-3.11,-9.57,5.34,16.01,15.52,2.68,-15.0,3.14,-17.63,1.43,1.33,4.21,-28.48,-11.9,-10.31,-4.0,-0.06,-9.4,-11.12,-2.3,-5.36,-4.47,-7.86,-2.89,1.09,4.86,5.02,2.78,-1.3,3.48,2.05,4.13,-13.37,0.53,2.31,5.36,-8.21,16.38,2.42,2.87,2.05,5.0,4.09,3.48,2.95,3.45,2.07,1.56,20.05,-1.68,0.99,2.14,-0.24,5.97,3.4,-4.71,6.58,8.93,-0.4,3.79,3.65,3.28,-1.47,2.14,-8.79,5.58,8.12,1.04,2.19,0.29,1.05,1.66,0.1,0.52,0.36,1.18,0.75,1.77,2.01,2.77,2.76,1.2,-0.43,2.21,1.67,2.31,8.11,0.57,-5.16,5.07,4.64,-0.65,-0.32,-0.05,-0.68,0.11,2.77,5.53,2.47,5.13,1.6,5.47,-0.52,3.34,0.0,2.39,-0.72,0.61,4.44,4.0,1.18,3.72,0.95,1.16,1.96,0.62,8.31,1.3,2.04,1.04,2.6,-0.24,2.91,-2.46,-0.76,0.0,-1.83,5.76,-1.85,-0.55,-0.07,11.66,0.87,-0.91,3.14,1.83,4.19,3.0,5.04,3.5,0.76,2.06,0.65,1.14,9.53,3.7,3.13,0.23,1.2,0.84,4.86,4.5,1.26,0.96,2.58,3.92,4.26,2.64,2.49,5.36,3.31,0.23,1.07,2.61,3.71,1.9,-6.26,-2.44,-1.33,0.39,0.07,0.16,1.88,4.09,-0.26,3.54,2.2,1.28,0.0,3.74,1.58,6.93,5.24,-0.78,2.1,1.76,1.98,10.25,-4.51,-15.2,0.0,0.84,-0.29,1.79,2.94,1.71,2.68,-14.84,3.89,2.01,0.0,1.45,1.58,2.35,1.21,0.84,4.23,2.56,2.26,2.24,1.83,3.6,5.71,2.6,1.9,3.52,-0.36,-2.46,2.54,-0.33,2.1,68.7,98.89,44.64,4.55
